,Video Title,Links,Channel Name,Duration,Views,Likes,No. of Comments,Days since Upload
0,INDIAN BUDGET EXPLAINED IN 10 MINUTES | Budget 2023 explained | Abhi and Niyu,https://www.youtube.com/watch?v=-ANjtUiYbZ8,Abhi and Niyu,0:10,"3,598,577",234K,6011,30
1,Budget 2023 Analysis | Best Budget Ever? | Dhruv Rathee,https://www.youtube.com/watch?v=vb1GIHNY4OE,Dhruv Rathee,16:14,"3,266,625",174K,10229,24
2,Budget 2023 | ‡§¨‡§ú‡§ü ‡§ï‡§æ ‡§∏‡§æ‡§∞ | Complete Information | Kumar Gaurav Sir | Utkarsh Classes,https://www.youtube.com/watch?v=XXRjZdypGDk,UTKARSH CLASSES JODHPUR,0:20,"1,518,537",108K,1838,30
3,Union Budget 2023-24 | Complete Analysis & Highlights | UPSC Economy #Budget Economic Survey #UPSC,https://www.youtube.com/watch?v=YSWc2fGfTAs,Zee News,33:41,"1,979,951",31K,564,30
4,India's Budget 2023 | Defence Budget | ISRO Budget | Income Tax Budget 2023,https://www.youtube.com/watch?v=BHIGZqRap0Q,StudyIQ IAS,22:17,"1,190,821",69K,3312,29
5,Union Budget 2023-24: Complete Analysis - IN NEWS I Drishti IAS,https://www.youtube.com/watch?v=ItRFxkvTU8Y,World Affairs,15:33,"896,150",18K,754,30
6,Budget Highlights 2023 : All Important Questions | ‡§¨‡§ú‡§ü 2023 Complete Analysis | Raja Gupta,https://www.youtube.com/watch?v=4Bx3fVv_8s0,Drishti IAS,28:47,"223,703",13K,493,30
7,Finance Minister Nirmala Sitharaman presents Union Budget 2023 | PMO,https://www.youtube.com/watch?v=exht0WpKFTo,Crazy GkTrick,1:26:55,"12,935",793,-1,30
8,Finance Minister Nirmala Sitharaman's Budget Speech | Union Budget 2023-24,https://www.youtube.com/watch?v=TYGXZtxSuEI,PMO India,1:29:10,"197,263",4.3K,239,30
9,Union Budget 2023-24 | To The Point | UPSC Current Affairs | Drishti IAS,https://www.youtube.com/watch?v=ajuAoIB_hVw,TV9 Marathi,6:35,"38,055",2.1K,209,30
10,India Budget 2023: Finance Minister Nirmala Sitharaman lays out budget 2023 priorities,https://www.youtube.com/watch?v=ybd9O_7PjL8,India Today,29:30,"7,114",72,4,30
11,Budget 2023 EXPLAINED in 20 mins in SIMPLE WORDS : Economic case study,https://www.youtube.com/watch?v=iw5AdKOM-IU,Sansad TV,20:15,"789,597",39K,1692,23
12,Union Budget 2023: WATCH Nirmala Sitharaman's Budget Speech,https://www.youtube.com/watch?v=82W1FMOz1Ts,Sansad TV,1:28:04,"60,406",625,54,30
13,What to Expect in Union Budget 2023-24? | Pre Budget Talks | FM Nirmala | Indian Economy| UPSC,https://www.youtube.com/watch?v=EdrlNgyug58,Drishti IAS,36:30,"112,845",2K,30,47
14,Budget 2023 | ‡§¶‡•Å‡§®‡§ø‡§Ø‡§æ ‡§ï‡§æ ‡§∏‡§¨‡§∏‡•á ‡§Ü‡§∏‡§æ‡§® Analysis | Nirmala Sitharaman | Narendra Modi | Dr Vivek Bindra,https://www.youtube.com/watch?v=DHRjUbXUFu8,WION,23:29,"977,745",44K,1332,30
15,FM Nirmala Sitharaman FULL Speech On Union Budget 2023-24 | Indian Budget 2023 | PM Modi | YOYO TV,https://www.youtube.com/watch?v=4eGj6pau2cI,Think School,1:28:30,"16,652",330,8,30
16,Union Budget 2023: Key highlights and takeaways | WION Originals,https://www.youtube.com/watch?v=ADQDaodvE8o,NDTV,2:13,"7,903",122,4,30
17,India's Budget 2023 | Highlights | Vantage with Palki Sharma,https://www.youtube.com/watch?v=vxRbv4uRpX0,StudyIQ IAS,6:10,"33,947",1.1K,81,30
18,'Indian economy on the right track': Nirmala highlights seven 'Saptarishis' of Budget 2023,https://www.youtube.com/watch?v=nPxHLsqYLYQ,Dr. Vivek Bindra: Motivational Speaker,2:02,"48,507",652,212,30
19,üî¥LIVE: Budget 2023 ‡§ï‡•Ä ‡§∏‡§¨‡§∏‡•á ‡§¨‡§°‡§º‡•Ä ‡§¨‡§æ‡§§‡•á‡§Ç | Union Budget Updates | Nirmala Sitharaman | Aaj Tak LIVE,https://www.youtube.com/watch?v=2i8r2WzIh-E,YOYO TV Channel,11:46:30,"193,486",1.1K,20,30
20,Union Budget Impacts ISRO Funding,https://www.youtube.com/watch?v=VXG594EJOIU,WION,5:01,"49,357",2.8K,171,30
21,Watch Union Budget 2023-24 #AmritKaalBudget,https://www.youtube.com/watch?v=6jkfJehLcGg,Firstpost,1:27:20,"23,180",Like,-1,30
22,What to Expect in Union Budget 2023-24? | Pre Budget Talks | FM Nirmala | Indian Economy| UPSC,https://www.youtube.com/watch?v=EdrlNgyug58,Hindustan Times,29:02,"112,845",2K,30,47
23,Budget 2023 | ‡§¶‡•Å‡§®‡§ø‡§Ø‡§æ ‡§ï‡§æ ‡§∏‡§¨‡§∏‡•á ‡§Ü‡§∏‡§æ‡§® Analysis | Nirmala Sitharaman | Narendra Modi | Dr Vivek Bindra,https://www.youtube.com/watch?v=DHRjUbXUFu8,Aaj Tak,1:41:32,"977,745",44K,1332,30
24,Highlights of the Union Budget 2023 | The Hindu,https://www.youtube.com/watch?v=6YZsU_3oTP8,Gareeb Scientist,4:07,"122,760",2.1K,97,30
25,Union Budget 2023 : ‡§á‡§∏ ‡§¨‡§æ‡§∞ ‡§¨‡§ú‡§ü ‡§Æ‡•á‡§Ç ‡§ï‡•ç‡§Ø‡§æ ‡§π‡•à ‡§∏‡§∞‡§ï‡§æ‡§∞ ‡§ï‡•Ä 7 ‡§™‡•ç‡§∞‡§æ‡§•‡§Æ‡§ø‡§ï‡§§‡§æ‡§è‡§Ç ? | Nirmala Sitharaman,https://www.youtube.com/watch?v=EJivHMxm1F4,Bharatiya Janata Party,12:02,"29,132",248,8,30
26,‡§¨‡§ú‡§ü 2023-24 Analysis | Budget 2023 important Questions | MCQ | Highlights | Current Affairs Gk Trick,https://www.youtube.com/watch?v=qZgbjBQgAjo,StudyIQ IAS,11:42,"146,992",8.9K,405,29
27,"Income Tax Slabs Budget 2023: New Tax Regime Is Default,Rebate Increased From Rs 5 Lakh to Rs 7 Lakh",https://www.youtube.com/watch?v=ARx2Z6MJ4J4,Dr. Vivek Bindra: Motivational Speaker,5:56,"249,443",2K,274,30
28,"Union Budget 2023: Big Relief For Middle-Class, No Income Tax Till ‚Çπ7 Lakh | CNBC-TV18",https://www.youtube.com/watch?v=St82Nm1dVHo,The Hindu,9:03,"57,094",335,34,30
29,Budget 2023 Live : Nirmala Sitharaman ‡§™‡•á‡§∂ ‡§ï‡§∞ ‡§∞‡§π‡•Ä ‡§π‡•à‡§Ç ‡§Ü‡§Æ ‡§¨‡§ú‡§ü 2023 (BBC Hindi),https://www.youtube.com/watch?v=bxAXPYEemIE,TV9 Bharatvarsh,1:29:35,"168,944",Like,76,30
30,Union Budget 2023 LIVE: ‡§Æ‡§π‡§Ç‡§ó‡§æ‡§à ‡§∏‡•á ‡§∞‡§æ‡§π‡§§ ‡§Ø‡§æ ‡§¨‡§ú‡§ü ‡§∏‡•á ‡§¨‡§¢‡§º‡•á‡§ó‡§æ ‡§∏‡§Ç‡§ï‡§ü?‡•§ India Budget 2023 | ‡§Ü‡§Æ ‡§¨‡§ú‡§ü,https://www.youtube.com/watch?v=MT7joGf1sVM,Ravi Study IQ GK,6:26:55,"145,241",967,13,30
31,Budget 2023-24 | ‡§ú‡§æ‡§®‡§ø‡§è ‡§ï‡•ç‡§Ø‡§æ ‡§∞‡§π‡•Ä ‡§ñ‡§æ‡§∏ ‡§¨‡§æ‡§§‡•á‡§Ç ? Analysis by Ankit Avasthi,https://www.youtube.com/watch?v=wcYFukPn0U0,The Indian Express,55:06,"1,133,224",66K,2696,30
32,Explained : The Budget 2023-24 - In News | Drishti IAS English,https://www.youtube.com/watch?v=Z_lWiAArObY,CNBC-TV18,22:20,"40,357",1.2K,26,30
33,Union Budget Simplified: 12 Key Terms to Know Ahead of Budget 2023,https://www.youtube.com/watch?v=te2twORAPgA,BBC News Hindi,8:08,"5,940",348,14,33
34,Budget 2023 latest update finance minister and other ministries preparation for budget,https://www.youtube.com/watch?v=HoN3A9HQPGg,ABP NEWS,1:12:49,"19,395",222,22,78
35,Union Budget 2023: Income Tax ‡§Æ‡•á‡§Ç ‡§ï‡§ø‡§§‡§®‡•Ä ‡§Æ‡§ø‡§≤‡•Ä ‡§∞‡§æ‡§π‡§§?‡•§ ‡•§ Finance‡•§ India Union Budget‡•§ Economic Survey,https://www.youtube.com/watch?v=-vqAtMAztr0,wifistudy 2.0,42:39,"28,874",146,6,30
36,Union Budget 2023: Key takeaways from the Economic Survey | WION Originals,https://www.youtube.com/watch?v=A3ummpdDNNY,Drishti IAS : English,27:42,"27,711",182,45,31
37,Emerging Markets: What to Watch for in India's New Budget,https://www.youtube.com/watch?v=jgQHZRWDpKU,Basic Gyaan,1:12:49,"7,917",107,14,31
38,Live | Union Budget 2023 | New Tax Slabs | FM Nirmala Sitharaman | Complete Analysis & News,https://www.youtube.com/watch?v=2OpeiCh4aVo,Zee Business,28:54,"266,300",2K,10,30
39,Budget 2023: 7 Priorities Or 'Saptarishi In Union Budget 2023 To Guide India Through 'Amrit Kaal',https://www.youtube.com/watch?v=uIYpijszQMQ,ABP NEWS,12:58,"13,558",104,21,30
40,BUDGET 2023: Key Highlights & Analysis | Unpacking the Union Budget 2023 | Neeraj Arora,https://www.youtube.com/watch?v=TlAiEB4uWL0,WION,28:26,"57,427",2.8K,87,30
41,LIVE | Union Budget 2023 | What are the big takeaways from Modi Govt's Budget 2023? | ThePrint,https://www.youtube.com/watch?v=4iZHEhG0V0g,Bloomberg Television,39:33,"24,639",282,45,30
42,Budget 2023: Who Will Get What?,https://www.youtube.com/watch?v=T77SeCx5QRA,moneycontrol,41:50,"35,641",155,30,30
43,Indian residents reactions on Union Budget 2023 | WION News,https://www.youtube.com/watch?v=ci9-KQZFfj4,CNBC-TV18,3:50,"6,335",81,23,29
44,India's Budget 2023 | From tax breaks to capital expenditure push | Vantage with Palki Sharma,https://www.youtube.com/watch?v=5HGHr4m1AZ0,Neeraj Arora,1:55,"115,721",3.6K,244,30
45,BUDGET 2023: New Tax Slabs 2023 | Sectors for Stock Market | Nirmala Sitharaman |Harsh Goela,https://www.youtube.com/watch?v=yS8B2-syliU,ThePrint,15:56,"47,540",2.5K,951,30
46,Budget 2023: ‡§®‡§ø‡§∞‡•ç‡§Æ‡§≤‡§æ ‡§§‡§æ‡§à! ‡§ï‡•ç‡§Ø‡§æ ‡§¨‡§ú‡§ü ‡§π‡•à ‡§≠‡§æ‡§à? | Modi Govt | Nirmala Sitharaman | RJ Raunak,https://www.youtube.com/watch?v=DCIb6ICBIqY,NDTV,10:31,"358,348",23K,584,29
47,Black and White: Budget ‡§ï‡•Ä 5 ‡§¨‡§°‡§º‡•Ä ‡§¨‡§æ‡§§‡•á‡§Ç | Budget 2023 | Nirmala Sitharaman | Sudhir Chaudhary,https://www.youtube.com/watch?v=uAmahvyK0lY,WION,16:06,"37,059",810,56,30
48,News Analysis 02 Feb 2023 |Union Budget 2023-24 Highlights : The Indian Express | UPSC 2023,https://www.youtube.com/watch?v=n1uSN9sgeAs,Firstpost,,"24,787",1.6K,47,29
49,India Budget 2023 Highlights: What are the changes in income tax slabs for FY 2023-24? | WION Live,https://www.youtube.com/watch?v=h2TqiMcN8ps,Goela School of Finance LLP,52:48,"93,101",709,12,30
50,"Budget 2023 : ‡§≠‡§æ‡§∞‡§§ ‡§ï‡•á Budget ‡§Æ‡•á‡§Ç ‡§∏‡§≠‡•Ä ‡§™‡§°‡§º‡•ã‡§∏‡•Ä ‡§¶‡•á‡§∂‡•ã‡§Ç ‡§ï‡•ã ‡§ï‡•ç‡§Ø‡§æ ‡§Æ‡§ø‡§≤‡§æ, ‡§∞‡•ã‡§Ø‡§æ Pakistan ! Nirmala Sitharaman",https://www.youtube.com/watch?v=DorfQdcLlTs,RJ Raunac,12:27,"1,021,272",17K,583,30
51,Indian Budget 2023 - Do NRIs Benefit?,https://www.youtube.com/watch?v=USB6JQaYuRA,moneycontrol,12:58,"1,279",Like,0,29
52,Union Budget 2023 Analysis | Dr. Mahipal Rathore #Budget2023 #UPSC,https://www.youtube.com/watch?v=OO_sMVTFgsY,Aaj Tak,19:49,"37,591",2.2K,170,28
53,What changes for you after Budget 2023? | Union Budget 2023-24 | FM Nirmala Sitharaman Budget 2023,https://www.youtube.com/watch?v=DK8krrDdx2k,Drishti IAS,28:54,"37,615",1.6K,113,29
54,Renewable energy and Biogas plants | Union budget 2023-24 Focus,https://www.youtube.com/watch?v=Wo_BrUzpQ0M,Navi,4:22,"11,656",497,10,29
55,"India Budget 2023: Gold, diamond, and silver to cost more as customs duty hiked",https://www.youtube.com/watch?v=Qeh0x6z9OHM,WION,3:55,"5,710",47,6,30
56,Union Budget 2023-24 HIGHLIGHTS | Budget 2023 Current Affairs by Ashish Gautam | UPSC | SSC | BANK,https://www.youtube.com/watch?v=MzthQyHmW2U,Zee News,1:28:12,"222,793",11K,224,30
57,Budget 2023: India Could Lose Crypto Investors to Foreign Exchanges if Taxation Doesn‚Äôt Change,https://www.youtube.com/watch?v=nJ_vuseWQU0,Khaleej Times,1:40,"1,952",21,37,31
58,India Budget 2023: Indian Finance minister Nirmala Sitharaman announces Green Hydrogen mission,https://www.youtube.com/watch?v=LroFvdt970U,PathFinder,28:00,"4,776",55,13,30
59,"Budget 2023: ""World Has Recognised Indian Economy As A Bright Star"", Says Nirmala Sitharaman",https://www.youtube.com/watch?v=vdDiCHmr7aE,Groww,25:21,"1,316",16,0,30
60,MP Budget 2023-24: ‡§¶‡•á‡§ñ‡§ø‡§è Shivraj Singh ‡§∏‡§∞‡§ï‡§æ‡§∞ ‡§ï‡•á ‡§¨‡§ú‡§ü ‡§∏‡•á ‡§ú‡•Å‡§°‡§º‡•Ä ‡§™‡•Ç‡§∞‡•Ä ‡§ú‡§æ‡§®‡§ï‡§æ‡§∞‡•Ä | Ladali Behna Yojna,https://www.youtube.com/watch?v=A_SxP75IT0o,Down To Earth,12:55,"5,809",77,15,2
61,COMPLETE BUDGET 2023 - Full Analysis ‡§ï‡•ç‡§Ø‡§æ ‡§∏‡§∏‡•ç‡§§‡§æ ‡§ï‡•ç‡§Ø‡§æ ‡§Æ‡§π‡§Ç‡§ó‡§æ By Varun Awasthi,https://www.youtube.com/watch?v=UCTvtS6aAvI,WION,34:35,"143,219",9.4K,249,30
62,"Budget 2023: FM Nirmala Sitharaman, PM Modi Reach Parliament, Budget To Be Tabled At 11 AM",https://www.youtube.com/watch?v=xkTAPc5itDE,Adda247,6:02,"2,138",19,0,30
63,Huge Funds Allocated For Defence And Railways In Union Budget 2023-24 | Ntv,https://www.youtube.com/watch?v=2w7QV87pcjs,India Today,18:16,"6,365",30,5,30
64,Budget 2023: Insurance Policies With Premiums Above Rs 5 Lakh To Be Taxable | Take A Look,https://www.youtube.com/watch?v=5aOwFQME-_I,WION,14:28,"8,103",56,25,30
65,Union Budget 2023: Some fun facts of India's largest finance presentation,https://www.youtube.com/watch?v=3F35HmdvQC0,NDTV,4:58,"7,562",24,0,31
66,Budget 2023 Green Growth Initiatives | Seven Priorities - Saptrishi | UPSC CSE 2023,https://www.youtube.com/watch?v=npq0QLNyVng,News18 India,10:39,"12,383",694,24,29
67,Union Budget 2023 | Know what gets cheaper and what becomes costlier,https://www.youtube.com/watch?v=lLYb1t9lmYs,Varun Awasthi,8:16,"47,212",843,24,30
68,"Healthy India - Budget 2023: Health Care Allocation | 19 January, 2023",https://www.youtube.com/watch?v=aH91aV41ewM,India Today,23:49,"5,785",190,5,43
69,Union Budget 2023-24 - Key Highlights (AGRICULTURE),https://www.youtube.com/watch?v=Jsfiqw_f4jU,NTV Telugu,9:20,"23,117",727,16,30
70,Budget 2023 ‡§ï‡•ã ‡§≤‡•á‡§ï‡§∞ ‡§∏‡•Å‡§®‡§ø‡§è ‡§ï‡•ç‡§Ø‡§æ ‡§ï‡§π‡§§‡•á ‡§π‡•à‡§Ç Experts... | Nirmala Sitharaman Speech,https://www.youtube.com/watch?v=nLghWB0vLns,CNBC-TV18,15:38,"37,741",264,27,30
71,Union Budget 2023-24 Highlights- Daily Current News | Drishti IAS,https://www.youtube.com/watch?v=QNWnAzWG-Fk,Times Of India,37:17,"20,868",1.4K,71,30
72,Winners and losers from Union Budget 2023 | FM Sitaraman | Critical Analysis | UPSC,https://www.youtube.com/watch?v=FzPcr4-f7Mw,BYJU'S IAS,37:05,"19,151",1K,18,23
73,üî¥Rajasthan Vidhansabha | Rajasthan Budget Session 2023 | First India Live,https://www.youtube.com/watch?v=ox7qy7ChEGE,OTV,34:34,"28,917",258,3,2
74,"Budget 2023: 2024 ‡§Ü‡§Æ ‡§ö‡•Å‡§®‡§æ‡§µ ‡§∏‡•á ‡§™‡§π‡§≤‡•á Income Tax ‡§Æ‡•á‡§Ç ‡§¨‡§°‡§º‡•Ä ‡§∞‡§æ‡§π‡§§, Infra ‡§î‡§∞ ‡§®‡•å‡§ï‡§∞‡•Ä ‡§ï‡•á ‡§ï‡•ç‡§∑‡•á‡§§‡•ç‡§∞ ‡§ï‡•ã ‡§¨‡§¢‡§º‡§æ‡§µ‡§æ",https://www.youtube.com/watch?v=aklQMRP3VLo,Sansad TV,2:35:26,"133,781",875,38,30
75,Modi Govt's Income Tax Bonanza; No tax for income up to ‚Çπ7 lakh | Check Revised Rates Here,https://www.youtube.com/watch?v=ie_eaYP86rs,Down To Earth,6:53,"131,661",1.9K,774,30
76,BUDGET 2023 - 24 | LIVE CURRENT AFFAIRS | 01.02.2023 | Download ICON INDIA App,https://www.youtube.com/watch?v=668CPNMbomA,ABP NEWS,0:06,"24,964",1.8K,0,30
77,Union Budget 2023: Capital Outlay Of ‚Çπ2.4 Lakh Crore Provided For Indian Railways | CNBC-TV18,https://www.youtube.com/watch?v=_rcfoBwpu_I,Drishti IAS,2:10,"4,238",41,0,30
78,"Union Budget 2023-24: Here‚Äôs What Gets Cheaper, Costlier",https://www.youtube.com/watch?v=zHMUfJGTTkI,StudyIQ IAS,1:10,"30,878",159,7,30
79,"So Sorry: ONLY TAX, NO RELAX?‡•§Budget 2023‡•§ Modi Government‡•§ Nirmala Sitharaman",https://www.youtube.com/watch?v=79UCVQY2_XM,First India News,2:12,"86,524",2.7K,123,31
80,"India Budget 2023 Exclusive: Dr. Shashi Tharoor, Sr Congress Leader & MP of Lok Sabha speaks to WION",https://www.youtube.com/watch?v=pIKGxidJa3g,NDTV India,4:36,"9,320",51,17,30
81,Budget 2023 | ‡§ï‡•ç‡§Ø‡§æ ‡§π‡•Å‡§Ü ‡§∏‡§∏‡•ç‡§§‡§æ ‡§î‡§∞ ‡§ï‡•ç‡§Ø‡§æ ‡§Æ‡§π‡§Ç‡§ó‡§æ | Radio City India,https://www.youtube.com/watch?v=X-0Y6wSX5oA,Hindustan Times,1:10,"1,355",25,0,25
82,What the world expects from India's Budget 2023? | Union Budget 2023 | WION News,https://www.youtube.com/watch?v=B88xJBDMBO0,ICON INDIA,22:27,"14,702",112,17,30
83,Budget 2023: What are India's Priorities? | Vantage with Palki Sharma | Budget: What to Expect?,https://www.youtube.com/watch?v=KEbdC-V5aqY,CNBC-TV18,4:43,"42,898",1.2K,64,31
84,Budget 2023 | Personal Income Tax,https://www.youtube.com/watch?v=FRo6nDpGZgQ,The Indian Express,6:00,"21,913",594,24,30
85,DGI-402 I Global GDP forecasts I Indian Budget 2023 I Russia digs in I US to give 2B aid to Ukraine,https://www.youtube.com/watch?v=wQzX_NKfURQ,SoSorry,1:41:04,"8,931",1.1K,24,30
86,Union Budget 2023: World's eyes on India's budget | Latest News | Top News | English News | WION,https://www.youtube.com/watch?v=J5-bpMXS4ys,WION,4:11,"6,171",58,25,30
87,Union Budget 2023-24: Growth First Or Populist Agenda? | Indian Budget 2023 Highlights | News18,https://www.youtube.com/watch?v=yRl7lI5CjiM,Shivam Malik,13:27,422,2,0,30
88,India ‡§®‡•á ‡§Ö‡§™‡§®‡•á Budget 2023 ‡§Æ‡•á‡§Ç Afghanistan ‡§ï‡•á ‡§≤‡§ø‡§è ‡§ñ‡•ã‡§≤‡§æ ‡§Ö‡§∞‡§¨‡•ã‡§Ç ‡§∞‡•Å‡§™‡§Ø‡•á ‡§ï‡•Ä ‡§Æ‡§¶‡§¶ ‡§ï‡§æ ‡§ñ‡§ú‡§æ‡§®‡§æ | Afghanistan News,https://www.youtube.com/watch?v=EHJepitLamY,Radio City India,1:57,"5,314",98,6,27
89,"India's Defence Budget 2023: 13% more than last year, pensions & salaries almost 50% of funds pie",https://www.youtube.com/watch?v=-aZN8zyKAnE,WION,50:57,"31,024",464,92,30
90,India Budget 2023 live: Budget's impact on people's pocket and nation's positioning | WION Live,https://www.youtube.com/watch?v=yagtUR8J4ew,Firstpost,3:00:22,"55,395",443,8,30
91,India Budget 2023: PM Modi speaks after India unveils budget for 2023- 24 | Latest News | WION |,https://www.youtube.com/watch?v=rph1D4HcDaM,IndiaTV,8:13,"4,742",36,11,30
92,Defence Budget 2023 Simplified in 4 Minutes,https://www.youtube.com/watch?v=zVj_UwINR-E,Sansad TV,,"32,925",2.9K,224,30
93,What should you expect from Budget 2023 India? | Budget 2023 | Union Budget 2023-24 | FM Nirmala,https://www.youtube.com/watch?v=RTcSROPp8HQ,PGurus,45:12,"104,112",3.2K,146,45
94,Budget 2023: Opposition reacts to Budget presented in Parliament by Nirmala Sitharaman,https://www.youtube.com/watch?v=1Nrq3aNr80o,WION,24:28,"28,589",109,41,30
95,India Defence Budget 2023: ‡§∞‡§ï‡•ç‡§∑‡§æ ‡§¨‡§ú‡§ü ‡§ï‡•ç‡§Ø‡§æ ‡§¨‡§§‡§æ ‡§∞‡§π‡§æ ‡§≠‡§æ‡§∞‡§§ ‡§ï‡•Ä ‡§§‡§æ‡§ï‡§§ ‡§ï‡•á ‡§¨‡§æ‡§∞‡•á‡§Ç ‡§Æ‡•á‡§Ç ?,https://www.youtube.com/watch?v=s5a5GRg3lOg,CNN-News18,4:13,"150,897",906,13,29
96,2023 BUDGET Highlights | 7 Lakhs No income TAX | ADANI STOCKS BIG FALL ALERT,https://www.youtube.com/watch?v=3SQyA4R6uSU,KADAK,16:58,"194,695",22K,701,30
97,"India's budget allocation for Afghanistan remains same, support increased to Bhutan, Maldives | WION",https://www.youtube.com/watch?v=uOrSZ3LIPVE,ThePrint,14:28,"10,665",181,135,30
98,"Budget 2023: 7 ‡§≤‡§æ‡§ñ ‡§∞‡•Å‡§™‡§Ø‡•á ‡§ï‡•á ‡§á‡§®‡§ï‡§Æ ‡§™‡§∞ ‡§ï‡•ã‡§à ‡§ü‡•à‡§ï‡•ç‡§∏ ‡§®‡§π‡•Ä‡§Ç, ‡§ü‡•à‡§ï‡•ç‡§∏ ‡§∏‡•ç‡§≤‡•à‡§¨ ‡§Æ‡•á‡§Ç ‡§¨‡§°‡§º‡§æ ‡§¨‡§¶‡§≤‡§æ‡§µ | Nirmala Sitharaman",https://www.youtube.com/watch?v=pEF7BchhbEY,WION,25:44,"25,149",298,31,30
99,Big Announcement in Budget 2023 Live : ‡§¨‡§ú‡§ü ‡§Æ‡•á‡§Ç ‡§π‡•Å‡§è ‡§¨‡§°‡§º‡•á ‡§ê‡§≤‡§æ‡§® ‡§∏‡•á ‡§∏‡§¨ ‡§ö‡•å‡§Ç‡§ï ‡§ó‡§è!| PM Modi | Tax | Car,https://www.youtube.com/watch?v=jdxIpJGzmfU,WION,52:48,"129,051",1K,16,30
100,"Budget & Economic Survey- ‡§™‡•ç‡§Ø‡§æ‡§∞ ‡§∏‡§ø‡§∞‡•ç‡§´‡§º ‡§è‡§ï ‡§¨‡§æ‡§∞ ‡§ï‡§∞‡•ã, 500 ‡§¨‡§æ‡§∞ ‡§®‡§π‡•Ä‡§Ç How to prepare for #UPSC #budget2023",https://www.youtube.com/watch?v=y29EQk7k8F0,Alpha Defense - Hindi,30:39,"285,162",14K,506,30
101,Union Budget 2023-24 | Budget 2023 Current Affairs MCQs by Ashutosh Tripathi,https://www.youtube.com/watch?v=3I1dWeupqn0,Groww,,"136,751",13K,559,29
102,Key Budget Facts You Should Know | Union Budget 2023 | Mint Primer | Mint,https://www.youtube.com/watch?v=bNz4ESbZn0U,India.com,3:28,"10,334",203,15,40
103,Budget 2023 ‡§Æ‡•á‡§Ç ‡§Æ‡§ø‡§≤‡•á‡§ó‡•Ä Income Tax ‡§Æ‡•á‡§Ç ‡§õ‡•Ç‡§ü ? ‡§ú‡§æ‡§®‡§ø‡§è ‡§ï‡•ç‡§Ø‡§æ ‡§π‡•à‡§Ç ‡§∏‡§Ç‡§≠‡§æ‡§µ‡§®‡§æ‡§è‡§Ç | Nirmala Sitharaman,https://www.youtube.com/watch?v=LEq1TMUNuCY,Navbharat Times ‡§®‡§µ‡§≠‡§æ‡§∞‡§§ ‡§ü‡§æ‡§á‡§Æ‡•ç‡§∏,22:20,"31,583",164,9,30
104,Union Budget 2023 | What‚Äôs cheaper and what‚Äôs costlier? | The Hindu,https://www.youtube.com/watch?v=MYak0sxA31Q,DAY TRADER ‡∞§‡±Ü‡∞≤‡±Å‡∞ó‡±Å,18:26,"19,160",503,11,30
105,Budget 2023 : ‡§∏‡§∞‡§ï‡§æ‡§∞ ‡§ï‡§æ ‡§Ø‡•á ‡§´‡•à‡§∏‡§≤‡§æ ‡§¨‡§¶‡§≤ ‡§¶‡•á‡§ó‡§æ ‡§Ø‡•Å‡§µ‡§æ‡§ì‡§Ç ‡§ï‡•Ä ‡§§‡§ï‡§¶‡•Ä‡§∞ ! | Nirmala Sitharaman,https://www.youtube.com/watch?v=SU1Nk0f4BPI,WION,35:47,"6,910",46,5,30
106,"Jio ‚Çπ395 Unlimited Pack, Apex Legends Shutdown, Union Budget 2023 Cheap Mobiles, LED TV",https://www.youtube.com/watch?v=Ng4RUEBOJRE,Zee Business,8:15,"79,639",7.2K,636,30
107,"India Budget 2023: ‡§Ü‡§ú ‡§∏‡§Ç‡§∏‡§¶ ‡§Æ‡•á‡§Ç ‡§™‡•á‡§∂ ‡§π‡•ã‡§ó‡§æ ‡§∏‡§æ‡§≤‡§æ‡§®‡§æ ‡§¨‡§ú‡§ü, ‡§µ‡§ø‡§§‡•ç‡§§ ‡§Æ‡§Ç‡§§‡•ç‡§∞‡•Ä Nirmala Sitharaman ‡§™‡•á‡§∂ ‡§ï‡§∞‡•á‡§Ç‡§ó‡•Ä ‡§¨‡§ú‡§ü",https://www.youtube.com/watch?v=hJRS3Q-OeTE,Zee News,1:56:40,"6,546",85,2,30
108,"Budget 2023: ‡§¨‡•á‡§∞‡•ã‡§ú‡§ó‡§æ‡§∞ ‡§Ø‡•Å‡§µ‡§æ‡§ì‡§Ç ‡§ï‡•ã ‡§¨‡§ú‡§ü ‡§∏‡•á ‡§â‡§Æ‡•ç‡§Æ‡•Ä‡§¶‡•á‡§Ç, ‡§∏‡§∞‡§ï‡§æ‡§∞ ‡§∏‡•á ‡§ï‡•Ä ‡§®‡•å‡§ï‡§∞‡•Ä ‡§ï‡•Ä ‡§Æ‡§æ‡§Ç‡§ó | Budget India Ka",https://www.youtube.com/watch?v=MEH4-obpmHQ,Mrunal Patel,20:52,"10,572",92,19,30
109,Here's What Could Happen If Crypto Tax Isn't Reduced During Budget 2023,https://www.youtube.com/watch?v=0c7qXnaZqpw,SSC Adda247,25:44,"6,293",77,62,32
110,Union Budget 2023 Highlights: Is Budget 2023 Good or Bad | Nirmala Sitharaman Budget 2023,https://www.youtube.com/watch?v=zFw6cy4p5ps,Times Of India,1:21:01,"30,293",237,10,30
111,Indian Budget 2023 | ABCD of Budget | Complete Detailed Analysis in Hindi | UPSC 2023 | Madhukar Sir,https://www.youtube.com/watch?v=QVs9UfkRUBs,Mint,,"48,007",3.5K,109,29
112,"Kaam ki Baat, No Bakwaas! | Everything you need to know : Budget 2023 | LLA",https://www.youtube.com/watch?v=yNhPt_DukN4,ABP NEWS,9:59,"616,121",36K,1106,29
113,Budget 2023: All eyes on India | Latest News | International News | Top News | English News | WION,https://www.youtube.com/watch?v=lskQtEbHdk0,The Hindu,7:49,"28,917",232,72,31
114,"India Budget 2023: ‡§®‡§è ‡§≠‡§æ‡§∞‡§§ ‡§ï‡§æ ‡§¨‡§ú‡§ü, ‡§ú‡§æ‡§®‡•á‡§Ç ‡§¨‡§ú‡§ü ‡§∏‡•á 7 ‡§¨‡§°‡§º‡•Ä ‡§â‡§Æ‡•ç‡§Æ‡•Ä‡§¶‡•á‡§Ç | Latest News | Nirmala Sitharaman",https://www.youtube.com/watch?v=2yG0IkJgaT0,ABP NEWS,3:46,"6,929",84,4,30
115,"Budget 2023: ‡§≠‡§æ‡§∞‡§§ ‡§ï‡§æ ‡§¨‡§ú‡§ü, 50 ‡§¨‡§°‡§º‡•Ä ‡§ñ‡§¨‡§∞‡•á‡§Ç ‡§∏‡§ø‡§∞‡•ç‡§´ R.Bharat ‡§™‡§∞ | Nirmala Sitharaman | Union Budget 2023",https://www.youtube.com/watch?v=1WHkt05vEPM,Technical Sagar,15:01,"112,027",Like,39,30
116,Union Budget 2023 : ‡§¨‡§ú‡§ü ‡§Æ‡•á‡§Ç ‡§∞‡•ã‡§ú‡§º‡§ó‡§æ‡§∞ ‡§ï‡§æ ‡§π‡•Å‡§Ü ? | Nirmala Sitharaman,https://www.youtube.com/watch?v=9kM-fGzKIWk,News Nation,25:10,"11,640",104,9,30
117,Budget 2023 - 2024 | Highlights of Budget | Nirmala Sitharaman | January 2023,https://www.youtube.com/watch?v=wCU1jvkZoAg,NDTV India,35:28,"49,087",2.4K,83,29
118,"India's budget session 2023 begins, President Murmu gives a joint address to the Parliament",https://www.youtube.com/watch?v=B_xxdPEYVBo,India Today,10:14,"6,100",51,11,31
119,"Union Budget 2023: Majority Of Indian Households Face Savings Crunch, Want Relief",https://www.youtube.com/watch?v=4OweU_LqNQw,SumanTV Telugu,23:30,843,7,3,31
120,"Union Budget 2023: ‡§∞‡§π‡§ø‡§è ‡§§‡•à‡§Ø‡§æ‡§∞, ‡§®‡§è Budget ‡§Æ‡•á‡§Ç ‡§π‡•ã ‡§∏‡§ï‡§§‡•á ‡§π‡•à‡§Ç ‡§¨‡§¶‡§≤‡§æ‡§µ, ‡§Ü‡§™ ‡§™‡§∞ ‡§ï‡§ø‡§§‡§®‡§æ ‡§Ö‡§∏‡§∞ | ‡§µ‡§®‡§á‡§Ç‡§°‡§ø‡§Ø‡§æ ‡§π‡§ø‡§Ç‡§¶‡•Ä",https://www.youtube.com/watch?v=xtX5ygKEbBo,Exam ‡§∞‡§∏,23:30,"5,880",47,4,35
121,Experts Decode The Fine Print Of Union Budget 2023 At India Today Budget Roundtable,https://www.youtube.com/watch?v=Z1lnCsoFkwU,Labour Law Advisor,57:05,760,4,1,25
122,"Union Budget 2023 Affect on Gold and Electronics,Cigarettes Prices @SakshiTV",https://www.youtube.com/watch?v=UYHYi4pLk7k,WION,8:35,"316,992",1.7K,109,30
123,Budget 2023 ‡§Æ‡•á‡§Ç Education Sector ‡§ï‡•á ‡§≤‡§ø‡§è ‡§ï‡•ç‡§Ø‡§æ ‡§π‡•à ‡§ñ‡§æ‡§∏? | Budget For Indian Youth ‡•§Quint Hindi,https://www.youtube.com/watch?v=d_6yRluvzyY,News Nation,23:30,"4,892",102,5,30
124,What Are The Expectations From Union Budget 2023-24 ? | Impact On Indian Economy | UPSC 2023,https://www.youtube.com/watch?v=02Ve7zci7wU,Republic Bharat,14:55,"23,198",1.1K,86,31
125,Budget 2023: Top Voices In Finance On Republic's Post-Budget Panel | Unmissable,https://www.youtube.com/watch?v=21jczUpHCBw,TV9 Bharatvarsh,44:48,"7,213",Like,12,30
126,India's Reform Drive | Decoding Budget 2023 Expectations | A Billion Ideas | English News | News18,https://www.youtube.com/watch?v=kivOz08v1FM,Parcham Classes,53:28,"2,615",12,1,34
127,Budget Highlights 2023 | My Top 3 Picks | CA Rachana Ranade,https://www.youtube.com/watch?v=mrhj4LqMZqY,WION,18:04,"237,452",6.6K,579,30
128,Budget 2023 To Recognize Contribution Of Indian Middle Class: Sources | Halftime Report | CNBC-TV18,https://www.youtube.com/watch?v=1iC3qyw5twQ,India Today,22:18,"4,933",28,2,35
129,Indian Budget 2023 | ABCD of Budget | Part 2 | Complete Detailed Analysis | UPSC 2023 | Madhukar Sir,https://www.youtube.com/watch?v=2lbZs1Techs,ABP NEWS,2:18:32,"21,357",1.9K,35,28
130,Union Budget 2023 Analysis & Opinion Session | Experts From The Indian Express,https://www.youtube.com/watch?v=qdQPcrVyIsk,Oneindia Hindi | ‡§µ‡§®‡§á‡§Ç‡§°‡§ø‡§Ø‡§æ ‡§π‡§ø‡§Ç‡§¶‡•Ä,35:36,"3,378",28,2,30
131,Budget 2023: How & Why FM Should Rejig the Income Tax Regime? | India Tonight,https://www.youtube.com/watch?v=6EYbdXZkzJs,India Today,13:11,"4,831",36,8,56
132,Budget 2023: ‡§∏‡§∏‡•ç‡§§‡•á ‡§≠‡§æ‡§∞‡§§‡•Ä‡§Ø phones ‡§≤‡•á‡§ï‡§ø‡§® ‡§´‡§ø‡§∞ ‡§≠‡•Ä middle class ‡§≤‡•á ‡§∞‡§π‡§æ iPhone Panasonic Chairman Reaction,https://www.youtube.com/watch?v=QrY9fHN2HBU,Sakshi TV,25:44,"4,238",92,2,28
133,"Budget 2023 ‡§∏‡•á ‡§ñ‡•Å‡§∂ ‡§π‡•Å‡§Ü Taliban, PM Modi ‡§ï‡•á ‡§®‡§æ‡§Æ ‡§™‡§∞ ‡§™‡§¢‡§º‡•á ‡§ï‡§∏‡•Ä‡§¶‡•á | ‡§µ‡§®‡§á‡§Ç‡§°‡§ø‡§Ø‡§æ ‡§π‡§ø‡§Ç‡§¶‡•Ä",https://www.youtube.com/watch?v=vvusHG7p85c,Quint Hindi,3:18,"805,465",7.6K,231,28
134,Union Budget 2023: What Are The Key Touch Points Of Modi Govt Budget Likely To Be?,https://www.youtube.com/watch?v=pw9_Dbgo5G8,BYJU'S IAS,5:23,"3,240",20,3,30
135,Budget 2023 reactions: Here's what IIM-B students think of India's first 'Amrit Kaal' budget,https://www.youtube.com/watch?v=tNJxbm8blq8,IndiaTV,5:23,"2,422",33,0,30
136,Union Budget 2023 Highlights : ‡§¨‡§ú‡§ü ‡§≠‡§æ‡§∑‡§£ ‡§ï‡•Ä ‡§Ö‡§¨ ‡§§‡§ï ‡§ï‡•Ä ‡§¨‡§°‡§º‡•Ä ‡§¨‡§æ‡§§‡•á‡§Ç | ‡§ú‡§æ‡§®‡§ø‡§è ‡§ï‡•ç‡§Ø‡§æ ‡§π‡•Å‡§Ü ‡§∏‡§∏‡•ç‡§§‡§æ ‡§î‡§∞ ‡§ï‡•ç‡§Ø‡§æ ‡§Æ‡§π‡§Ç‡§ó‡§æ?,https://www.youtube.com/watch?v=BhKQKMprKl0,Republic World,30:39,"17,111",Like,12,30
137,Complete Budget : 2023-24 | Concept + Current Affairs in 13 Hours | UPSC 2023 & 2024 | Madhukar Sir,https://www.youtube.com/watch?v=6vRimD35aEc,CNN-News18,,"41,665",3.2K,74,14
138,Union Budget 2023: ‚ÄòPublic Investment Alone Would Not Suffice‚Äô | Nirmala Sitharaman | India Budget,https://www.youtube.com/watch?v=9mFw8aM_Yd8,CA Rachana Phadke Ranade,44:15,"12,951",521,51,30
139,"Budget 2023: Sitharaman Outlines 7 Priorities To Guide India In 'Amrit Kaal', Calls Them 'Saptrishi'",https://www.youtube.com/watch?v=r82-mWtjBls,CNBC-TV18,25:44,"1,919",17,4,30
140,Budget 2023 : '‡§Ü‡§ú ‡§π‡§Æ‡§æ‡§∞‡•Ä ‡§™‡§∞ ‡§ï‡•à‡§™‡§ø‡§ü‡§≤ GDP Bangladesh ‡§ï‡•á ‡§™‡•Ä‡§õ‡•á ‡§π‡•à' | AajTak | Latest News,https://www.youtube.com/watch?v=0O5ZqDWOHNc,Exam ‡§∞‡§∏,1:04:12,"20,202",276,61,32
141,"Budget 2023: How To Read The Budget? | Fiscal Deficit, Revenue Expenditure, Receipts Explained",https://www.youtube.com/watch?v=w1LisajFiyA,The Indian Express,43:46,"6,858",283,41,34
142,Budget 2023 | 'Whole World is Looking at India's Budget': PM Modi,https://www.youtube.com/watch?v=dRHfn55at7E,ET NOW,23:41,"3,813",50,20,31
143,Explained: How The Union Budget Is Prepared | The Making Of The Union Budget | Budget 2023,https://www.youtube.com/watch?v=C2Zn62MyR8I,Dainik Jagran - ‡§¶‡•à‡§®‡§ø‡§ï ‡§ú‡§æ‡§ó‡§∞‡§£,2:43,"17,729",365,24,35
144,"BUDGET 2023-24: Khelo India ‡§™‡§∞ ‡§Æ‡•á‡§π‡§∞‡§¨‡§æ‡§® ‡§∏‡§∞‡§ï‡§æ‡§∞, Sports Budget ‡§Æ‡•á‡§Ç ‡§π‡•Å‡§à Bumper ‡§¨‡§¢‡§º‡•ã‡§§‡§∞‡•Ä | Sports Tak",https://www.youtube.com/watch?v=8tZT57QyNg8,CNBC-TV18,17:13,"7,399",203,12,30
145,Budget 2023 ‡§Æ‡•á‡§Ç Indian Army ‡§ï‡•á ‡§≤‡§ø‡§è ‡§¨‡§°‡§º‡•á ‡§ê‡§≤‡§æ‡§® ‡§∏‡•á ‡§∏‡§®‡•ç‡§®‡§æ‡§ü‡•á ‡§Æ‡•á‡§Ç ‡§∏‡§æ‡§∞‡§æ Pakistan | PM Modi | Defence Budget,https://www.youtube.com/watch?v=ojyZz4l8y50,Oneindia Hindi | ‡§µ‡§®‡§á‡§Ç‡§°‡§ø‡§Ø‡§æ ‡§π‡§ø‡§Ç‡§¶‡•Ä,1:55:35,"71,390",720,87,29
146,Budget 2023: Honest discussion with Wife! @AyushiChand,https://www.youtube.com/watch?v=sotz2JtDzqU,India Today,27:27,"442,448",14K,3476,31
147,Interesting Facts about Union Budget from 1947 - 2023 | UPSC Economy,https://www.youtube.com/watch?v=MhJX_o6N6LI,The Economic Times,15:38,"53,297",2.9K,42,30
148,Budget 2023 : India Hikes Defence Budget With Eye On China Border Row | Nationalist Hub,https://www.youtube.com/watch?v=HzHDubh3as4,IBC24,8:35,"32,888",1.8K,63,28
149,Union Budget 2023: India forecasts growth to slow to 6%-6.8% in 2023-24 | Latest News | WION,https://www.youtube.com/watch?v=uxwWMSa7_Cc,Let's Crack UPSC CSE Hindi,6:49,"2,710",28,15,30
150,Budget 2023 : 23 ‡§ï‡•á ‡§¨‡§ú‡§ü ‡§Æ‡•á‡§Ç ‡§¶‡§ø‡§ñ‡•á‡§ó‡§æ 24 ‡§ï‡§æ ‡§ü‡•ç‡§∞‡•á‡§≤‡§∞ ? ‡§¶‡•á‡§ñ‡§ø‡§è ‡§Æ‡§π‡§æ‡§ï‡§µ‡§∞‡•á‡§ú ‡§¶‡§ø‡§®‡§≠‡§∞ | Nirmala Sitharaman,https://www.youtube.com/watch?v=RiM2tovXn1c,TechWiser,58:05,"24,951",162,15,30
151,Inaugural Session: Webinar on Budget Announcements on Skill/Education,https://www.youtube.com/watch?v=k-Gh0Klm-1s,The Wire,15:15,"106,122",6.3K,1107,6
152,Budget 2023-2024 30 Most Important MCQs | Union Budget 23-24 by Bhunesh Sir,https://www.youtube.com/watch?v=RNsS11E2a7w,CNBC-TV18,45:32,"11,752",950,10,27
153,Union Budget 2023 Explained: Highlights | Important Budget related questions for Interview & exams,https://www.youtube.com/watch?v=ZfCHfpKBTtc,Aaj Tak,11:00:16,"24,991",991,13,30
154,So Sorry: 'AAM AADMI KA BUDGET'‡•§Budget 2023‡•§ Modi Government‡•§ Nirmala Sitharaman | Latest News,https://www.youtube.com/watch?v=4Y-P2vvd6OA,moneycontrol,0:57,"99,082",4K,154,26
155,"Budget 2023: ‡§ï‡•à‡§∏‡•á ‡§™‡§¢‡§º‡•á‡§ó‡§æ ‡§≠‡§æ‡§∞‡§§, Nirmala Sitharaman ‡§®‡•á Education Sector ‡§ï‡•á ‡§≤‡§ø‡§è ‡§Ø‡•á '‡§¨‡§°‡§º‡•Ä' ‡§ò‡•ã‡§∑‡§£‡§æ‡§è‡§Ç ‡§ï‡•Ä‡§Ç",https://www.youtube.com/watch?v=QnbqacoRWkA,The Quint,1:07:12,"12,037",432,21,30
156,How Union Budget 2023 May Impact Households? What To Be Costlier?,https://www.youtube.com/watch?v=quheG4JJjIs,The Indian Express,17:51,"30,711",300,23,30
157,Andhra Pradesh Model in Union Budget 2023-24 | FM Nirmala Sitharaman @SakshiTV,https://www.youtube.com/watch?v=oUunY1IIA3Q,Sports Tak,22:05,"20,125",234,23,29
158,Budget 2023 Trivia: 15 Interesting Things To Know About The Union Budget,https://www.youtube.com/watch?v=EGSUN4VLsi4,Aaj Tak,30:39,"6,425",54,2,35
159,Budget 2023 Key Highlights | Budget 2023 Key Points | Budget 2023 Summary | Budget 2023 Income Tax,https://www.youtube.com/watch?v=i94itMm7Jv0,Akshat Shrivastava,38:46,"72,742",1K,130,30
160,Union Budget 2023: Top 3 Sectors & My Views | Neha Nagar,https://www.youtube.com/watch?v=sJw9CuuOAeI,StudyIQ IAS,23:14,"9,995",721,142,29
161,Budget 2023 : ‡§¨‡§ú‡§ü ‡§î‡§∞ ‡§Æ‡§ø‡§°‡§ø‡§≤ ‡§ï‡•ç‡§≤‡§æ‡§∏ ‡§ï‡•á ‡§™‡§∞ ‡§µ‡§ø‡§§‡•ç‡§§ ‡§Æ‡§Ç‡§§‡•ç‡§∞‡•Ä ‡§ï‡§æ ‡§¨‡§°‡§º‡§æ ‡§¨‡§Ø‡§æ‡§® | Hindi News | Nirmala Sitharaman,https://www.youtube.com/watch?v=nfNcv63fWq4,Nationalist Hub,14:51,"45,781",429,90,46
162,Budget 2023-24 Updates LIVE - India Union Budget‡•§ Economic Survey | News24 | PM Modi,https://www.youtube.com/watch?v=d7eUeTj9694,WION,32:58,"13,835",89,4,30
163,Budget 2023 : ‡§™‡•Å‡§∞‡§æ‡§®‡•Ä ‡§î‡§∞ New Tax Regime ‡§ï‡•á ‡§¨‡•Ä‡§ö ‡§ï‡§æ ‡§´‡§∞‡•ç‡§ï ‡§∏‡§Æ‡§ù‡§ø‡§è | EXPLAINED,https://www.youtube.com/watch?v=8gGXts7LxQA,ABP NEWS,14:49,"52,199",401,83,30
164,Union Budget 2023 | Key updates on personal income tax,https://www.youtube.com/watch?v=ZeMp5qJt9W0,Ministry of Education Government of India,15:11,"19,695",267,12,30
165,News Today With Rajdeep Sardesai Live: Union Budget 2023 | Sashi Tharoor Vs Jay Panda Exclusive Live,https://www.youtube.com/watch?v=GT36s-IufNo,Class24,1:02:40,"20,135",104,27,30
166,Union Budget 2023-24 Live | Nirmala Sitharaman Latest Updates | Budget Speech | Times Now,https://www.youtube.com/watch?v=W2AAUAmOV3M,Studybuzz Education - MBA preparation,16:34,"88,854",552,3,30
167,Union Budget 2023: 7 Priorities In Union Budget 2023 To Guide India Through 'Amrit Kaal',https://www.youtube.com/watch?v=YxjSCTPs55c,SoSorry,1:55:35,"13,306",109,3,30
168,‡§¨‡§ú‡§ü ‡§Ü‡§®‡•á ‡§µ‡§æ‡§≤‡§æ ‡§π‡•à... ‡§ï‡•ç‡§Ø‡§æ-‡§ï‡•ç‡§Ø‡§æ ‡§Æ‡§ø‡§≤‡§®‡•á ‡§µ‡§æ‡§≤‡§æ ‡§π‡•à ? | Budget 2023 | Nirmala Sitharaman | ABP News,https://www.youtube.com/watch?v=jxmP4xDA-Xk,The Lallantop,22:20,"34,348",309,21,31
169,200 CRORE For AFGHANISTAN In INDIA's BUDGET 2023-24 | Pakistan Public Shocking Reaction | Sana Amjad,https://www.youtube.com/watch?v=fMaMBzeAau4,Kanak News,33:27,"227,100",6.1K,1316,27
170,Top Highlights of Union Budget 2023-24 | Union Budget Key Highlights | Union Budget,https://www.youtube.com/watch?v=zeO0q8ksP3U,Sakshi TV,24:50,"18,692",520,23,30
171,Budget 2023 | 'Whole World is Looking at India's Budget': PM Modi,https://www.youtube.com/watch?v=dRHfn55at7E,moneycontrol,9:50,"3,813",50,20,31
172,Union Budget 2023 LIVE: abp ‡§®‡•ç‡§Ø‡•Ç‡§ú ‡§™‡§∞ ‡§¨‡§ú‡§ü ‡§ï‡•Ä ‡§≤‡§ó‡§æ‡§§‡§æ‡§∞ ‡§ï‡§µ‡§∞‡•á‡§ú‡•§ India Union Budget‡•§ Economic Survey,https://www.youtube.com/watch?v=GwIIJBq_C4A,MyOnlineCA,16:06,"30,277",300,12,30
173,Budget 2023-24 : Income rebate limit increased to Rs 7 lakh from Rs 5 lakh in new tax regime - TV9,https://www.youtube.com/watch?v=6hKg6BbQ3aQ,Neha Nagar,2:06,"43,452",Like,36,30
174,PM Shri Narendra Modi's remarks on Union Budget 2023-24. #AmritKaalBudget,https://www.youtube.com/watch?v=suTQPjix2uA,News18 India,16:06,"7,674",Like,-1,30
175,‡§¨‡§ú‡§ü ‡§ï‡•á ‡§¨‡§æ‡§¶ ‡§¨‡•ã‡§≤‡•á ‡§Æ‡§Ç‡§§‡•ç‡§∞‡•Ä Pratap Singh Khachariyawas | Rajasthan Budget 2023,https://www.youtube.com/watch?v=ju0jp1Bi3xA,News 24,7:55,"73,568",1.3K,284,21
176,Budget 2023 Explained | Madan Gowri | Tamil News | MG,https://www.youtube.com/watch?v=JuQcg-PGKPM,ABP NEWS,1:04:05,"551,419",19K,1763,30
177,Union Budget 2023 By Akshay Cholke || BUDGET 2023 || Nirmala Sitharaman || Budget By Akshay Cholke,https://www.youtube.com/watch?v=9QDTSEnzKUs,The Hindu,,"17,420",2.3K,9,29
178,Episode 5: Vantage with Palki Sharma | India Budget 2023: Decoding the five big takeaways,https://www.youtube.com/watch?v=xs2aK-RY0DQ,India Today,2:43:13,"430,779",5.8K,417,30
179,Union Budget 2023: Foreign Direct Investments Stay Robust | Economic Survey Highlights,https://www.youtube.com/watch?v=z5HsER3oAIM,TIMES NOW,1:44:43,"5,977",30,4,30
180,UNION BUDGET INDIA 2023-24 FOR JAMMU & KASHMIR | PAKISTANI REACTION ON INDIA | SANA AMJAD,https://www.youtube.com/watch?v=MKp--cUwvdM,NDTV,18:24,"186,339",3.9K,1903,28
181,Budget 2023: These STOCKS will give MASSIVE RETURNS after Union Budget 2023 | Harsh Goela,https://www.youtube.com/watch?v=TZiw5lrwHTs,ABP NEWS,10:42,"38,817",1.7K,452,36
182,Budget 2023 | Nirmala Sitharaman Speech Today: Income Tax Benefits For Startups | Union Budget 2023,https://www.youtube.com/watch?v=iGnOhEcXs_g,Sana Amjad,16:15,"6,361",48,2,30
183,Finance Minister Sitharaman's Reply | General Discussion on Union Budget 2023-24 in Lok Sabha,https://www.youtube.com/watch?v=VUG0sm94-2E,Anuj Jindal,9:08,"18,266",278,28,21
184,Politics of the budget which rides 3 engines of Modi-BJP politics yet cuts taxes for the richest,https://www.youtube.com/watch?v=WIDn2Kmtt6w,The Quint,28:46,"236,731",3.8K,834,30
185,Top 5 Biggest Challenges for FM Nirmala Sitaraman in Union Budget 2023 | UPSC,https://www.youtube.com/watch?v=leK4E-EyMm0,ABP NEWS,19:00,"34,551",1.6K,40,31
186,"Budget 2023 | ‡§®‡§è ‡§¨‡§ú‡§ü ‡§Æ‡•á‡§Ç ‡§ï‡•ç‡§Ø‡§æ ‡§Æ‡§π‡§Ç‡§ó‡§æ...‡§ï‡•ç‡§Ø‡§æ ‡§∏‡§∏‡•ç‡§§‡§æ, ‡§¶‡•á‡§ñ‡§ø‡§è ‡§î‡§∞ ‡§≠‡•Ä ‡§¨‡§π‡•Å‡§§ ‡§ï‡•Å‡§õ ‡§¨‡§¶‡§≤‡§æ | #TV9D",https://www.youtube.com/watch?v=LBlepA5WE8Q,TV9 Telugu Live,21:00,"47,041",447,13,29
187,Budget 2023: No Tax On Income Till Rs 7 Lakh A Year In New Tax Regime,https://www.youtube.com/watch?v=C2KVl10kbzw,Bharatiya Janata Party,20:12,"87,067",740,170,30
188,Union Budget 2023- 24 Analysis | UPSC Economy | Highlights,https://www.youtube.com/watch?v=vOicXsxGP9c,First India News,17:45,"56,046",1.9K,40,30
189,Indian Budget 2023 | ABCD of Budget | Part 3 | Complete Detailed Analysis | UPSC 2023 | Madhukar Sir,https://www.youtube.com/watch?v=1bqwhP5jArU,Madan Gowri,,"12,499",1.2K,14,25
190,Top Industry Leaders Discuss Budget 2023 Expectations & Key Growth Drivers Of Indian Economy,https://www.youtube.com/watch?v=isvJCLyIgE8,Saarthi Education Aurangabad,23:11,"1,741",33,0,82
191,Unpacking the Union Budget 2023,https://www.youtube.com/watch?v=iHpREExdYuU,Backstage with Millionaires,25:53,"18,666",68,1,29
192,"Budget 2023: Sitharaman Proposes Change In Tax Structure, Income Tax Rebate limit raised To ‚Çπ7 Lakh",https://www.youtube.com/watch?v=xt_bdVT90NA,Firstpost,13:18,"50,735",377,127,30
193,WATCH Parliament Budget Session LIVE: Union Budget 2023-24 | Budget News Updates | Breaking News,https://www.youtube.com/watch?v=KGk6AU_gm8I,India Today,11:38:40,"136,790",709,13,31
194,Union Budget 2023: Some Lesser-Known Facts You Should Know,https://www.youtube.com/watch?v=8w3-iNzxvAA,Sana Amjad,2:30:36,"16,143",58,6,30
195,Union Budget 2023 : Money 9 ‡§ï‡•á Director Anshuman Tiwari ‡§∏‡•á ‡§∏‡§Æ‡§ù‡§ø‡§Ø‡•á Budget ‡§ï‡•Ä ABCD | Tax,https://www.youtube.com/watch?v=idNRxpkJ0_Q,Goela School of Finance LLP,12:27,"3,615",25,2,30
196,"Budget 2023 ‡§Æ‡•á‡§Ç Income Tax ‡§Æ‡•á‡§Ç ‡§¨‡§°‡§º‡•Ä ‡§∞‡§æ‡§π‡§§ ‡§ï‡§æ ‡§ê‡§≤‡§æ‡§®, 7 ‡§≤‡§æ‡§ñ ‡§§‡§ï ‡§®‡§π‡•Ä‡§Ç ‡§¶‡•á‡§®‡§æ ‡§π‡•ã‡§ó‡§æ ‡§ü‡•à‡§ï‡•ç‡§∏ | Nirmala Sitharaman",https://www.youtube.com/watch?v=D_us6F6Lfog,CNN-News18,13:18,"146,269",1.3K,193,30
197,BUDGET 2023: Will Modi Government‚Äôs Massive Capex Infusion Help Tackle India‚Äôs Unemployment Crisis?,https://www.youtube.com/watch?v=6t5FRaUiEs0,Sansad TV,5:53,"4,472",44,24,27
198,Union Budget 2023-24 Highlights In Kannada | Complete Details About Budget 2023 | Income Tax Rates,https://www.youtube.com/watch?v=I4eBnYJeQKM,ThePrint,21:00,"14,344",328,9,28
199,"Breaking News: Huge Relief Middle Class In New Regime, As Union Budget 2023 Reduces Income Tax",https://www.youtube.com/watch?v=iQroPqnlT_k,StudyIQ IAS,16:01,"77,266",819,411,30
200,Budget 2023 | Finance Minister Nirmala Sitharaman Tables Economic Survey In The Parliament,https://www.youtube.com/watch?v=215HRfUfUkA,TV9 Bharatvarsh,14:57,"16,141",96,20,31
201,Budget 2023 Updates | Finance Minister Nirmala Sitharaman On Personal Income Tax | News18,https://www.youtube.com/watch?v=c3mvy198AFE,NDTV,2:30:36,"61,387",406,227,30
202,Budget 2023: Finance Minister Nirmala Sitharaman Calls On President Murmu Ahead Of Budget Speech,https://www.youtube.com/watch?v=3KUFWI3rJjY,StudyIQ IAS,2:46,"2,778",12,2,30
203,FM Nirmala Sitharaman Exclusive | Decoding Union Budget 2023 & What It Means For Indian Economy,https://www.youtube.com/watch?v=C0goB8QkCC0,Exam ‡§∞‡§∏,22:14,"15,746",213,23,28
204,Union Budget 2023-24 | Key Highlights and Full Analysis | UPSC CSE 2023,https://www.youtube.com/watch?v=L6XDmDGEUBU,CNBC-TV18,41:18,"116,227",5K,429,30
205,Key Terms to know to understand Union Budget 2023-24 | UPSC Economy,https://www.youtube.com/watch?v=zEiAmffM2NI,The Indian Express,9:14,"90,747",4.2K,62,32
206,PM Modi Speech LIVE: Union Budget 2023 News Updates | PM Modi On Budget | LIVE News,https://www.youtube.com/watch?v=7-QXmH25zww,CNBC-TV18,14:49,"37,738",396,45,30
207,üî¥ Stock Market Updates Live: ‡§Ü‡§ú ‡§ï‡§π‡§æ‡§Ç ‡§ï‡§∞‡•á‡§Ç ‡§á‡§®‡•ç‡§µ‡•á‡§∏‡•ç‡§ü| Business & Finance| 2 March | Budget 2023 Live,https://www.youtube.com/watch?v=LgINo4CmfUA,India Today,55:31,"275,073",1.5K,1,1
208,Before Budget 2023 How much will markets grow? What's the trigger for Indian market? | Anil Singhvi,https://www.youtube.com/watch?v=TCvMTtyIA18,India Today,22:39,"8,416",122,0,58
209,"Budget 2023 : ‡§®‡§Ø‡§æ ‡§ü‡•à‡§ï‡•ç‡§∏ ‡§∏‡•ç‡§≤‡•à‡§¨ Vs ‡§™‡•Å‡§∞‡§æ‡§®‡§æ ‡§ü‡•à‡§ï‡•ç‡§∏ ‡§∏‡•ç‡§≤‡•à‡§¨, ‡§ï‡§ø‡§∏‡§ï‡•ã ‡§ï‡§ø‡§§‡§®‡§æ ‡§´‡§º‡§æ‡§Ø‡§¶‡§æ ? | Income Tax",https://www.youtube.com/watch?v=3Hy6somI4Rk,TV9 Bharatvarsh,17:36,"115,717",690,110,30
210,LIVE | Union Budget 2023 | Finance Minister Nirmala Sitharaman presents the Budget in Parliament,https://www.youtube.com/watch?v=FEpCjiIK5Ig,Aaj Tak,45:30,"18,471",211,12,30
211,"Budget 2023: ‡§≠‡§æ‡§∞‡§§ ‡§ï‡•á ‡§¨‡§ú‡§ü ‡§ï‡•ã ‡§≤‡•á‡§ï‡§∞ ‡§™‡§æ‡§ï‡§ø‡§∏‡•ç‡§§‡§æ‡§® ‡§Æ‡•á‡§Ç ‡§Æ‡§ö‡•Ä ‡§ñ‡§≤‡§¨‡§≤‡•Ä, ‡§Ø‡•á ‡§∞‡§ø‡§™‡•ã‡§∞‡•ç‡§ü ‡§¶‡•á‡§ñ‡§ø‡§è",https://www.youtube.com/watch?v=zLShtKuULd0,India Today,6:08,"11,342",95,10,31
212,Union Budget 2023-24 | Key Highlights and Detailed Analysis by Vibhas Jha Sir | Part 1 | UPSC,https://www.youtube.com/watch?v=2r8Dpb5VFuQ,ffreedom App - Money (Kannada),1:53:52,"54,700",2.2K,86,28
213,Budget 2023-24 Updates LIVE - India Union Budget‡•§ Economic Survey | News24 | PM Modi,https://www.youtube.com/watch?v=XCbqFpCkqis,TIMES NOW,2:18:20,"10,475",106,2,30
214,Union Budget 2023 | Pre-Budget Discussion With HR Ranganath | Public TV,https://www.youtube.com/watch?v=XOJddA1GyIs,midday india,39:30,"128,686",1.1K,44,30
215,‡¥¨‡¥ú‡¥±‡µç‡¥±‡µç ‡¥∏‡¥ø‡¥Ç‡¥™‡µç‡¥≤‡¥ø‡¥´‡µà‡¥°‡µç- ‡¥™‡µç‡¥∞‡¥§‡µç‡¥Ø‡µá‡¥ï ‡¥™‡¥∞‡¥ø‡¥™‡¥æ‡¥ü‡¥ø | Union Budget 2023 | Budget Simplified | Mathrubhumi News,https://www.youtube.com/watch?v=_VIDUPMbGSc,CNN-News18,43:39,"7,901",113,5,30
216,Complete Analysis & Highlights of Economic Survey 2022-23 | UPSC Economy | Budget,https://www.youtube.com/watch?v=sxEL3TfEsZ4,India Today,1:51:19,"308,574",11K,176,31
217,Congress Press Conference LIVE On Union Budget 2023 | Budget Live Latest Update,https://www.youtube.com/watch?v=s0hgYSxpYp8,CNBC-TV18,2:41,"5,439",59,26,30
218,Union Budget 2023-24 Tamil | Simplified Key Terms to Know of Budget 2023 | Union Budget Summary,https://www.youtube.com/watch?v=iilfBBJFt7A,BYJU'S IAS,36:21,"10,667",239,9,30
219,"MP Budget 2023: Cabinet ‡§¨‡•à‡§†‡§ï ‡§Æ‡•á‡§Ç Budget 2023-24 Pass, ‡§ï‡•à‡§¨‡§ø‡§®‡•á‡§ü ‡§®‡•á ‡§¨‡§ú‡§ü ‡§™‡§∞ ‡§≤‡§ó‡§æ‡§à ‡§Æ‡•Å‡§π‡§∞ | Madhya Pradesh",https://www.youtube.com/watch?v=VyEON60yFYM,StudyIQ IAS,3:40,"11,807",176,4,2
220,Budget 2023: ‡§ú‡§æ‡§®‡•á‡§Ç ‡§Ü‡§Æ ‡§¨‡§ú‡§ü 2023 ‡§Æ‡•á‡§Ç ‡§ï‡•ç‡§Ø‡§æ ‡§π‡•Å‡§Ü ‡§∏‡§∏‡•ç‡§§‡§æ ‡§î‡§∞ ‡§ï‡•ç‡§Ø‡§æ ‡§Æ‡§π‡§Ç‡§ó‡§æ | Budget 2023 - Kya Sasta Kya Mehnga,https://www.youtube.com/watch?v=RohLoMEc1es,India Today,5:01,"125,517",894,69,30
221,Union Budget 2023-24 Highlights || Budget 2023 Current Affairs || Budget 2023 By Aditya Dubey,https://www.youtube.com/watch?v=aamviHmhwgY,CNBC Awaaz.,39:30,"21,699",891,26,30
222,Union Budget 2023: Political reactions to India's first Budget of 'Amrit Kaal',https://www.youtube.com/watch?v=WtIE-ERApIQ,Zee Business,3:53,840,4,0,30
223,Budget 2023: ‡§á‡§∏ ‡§¨‡§æ‡§∞ Tax ‡§õ‡•Ç‡§ü ‡§Æ‡•á‡§Ç ‡§Æ‡§ø‡§≤‡•á‡§ó‡•Ä ‡§∞‡§æ‡§π‡§§? ‡§ï‡•ç‡§Ø‡§æ ‡§π‡•à ‡§á‡§∏ ‡§µ‡§ï‡•ç‡§§ ‡§ï‡§æ ‡§∏‡§¨‡§∏‡•á ‡§¨‡§°‡§º‡§æ Demand ? | CNBC Awaaz,https://www.youtube.com/watch?v=Bd8gzM7111M,Aaj Tak,56:14,"14,482",143,57,98
224,Budget 2023 LIVE : FM Nirmala Sitharaman Live | Modi Govt Budget | Parliament Session | Hindi News,https://www.youtube.com/watch?v=_M6vUAIdSSg,ThePrint,2:21:06,"9,928",57,0,30
225,Union Budget 2023-24 | Agriculture Sector | Budgetary allocation & Schemes | By Kailash Tiwari,https://www.youtube.com/watch?v=qaVpC9VndOs,ABP NEWS,20:01,"14,339",601,25,30
226,"Budget 2023 ‡§Æ‡•á‡§Ç New Tax Slab ‡§ï‡§æ ‡§ê‡§≤‡§æ‡§®, ‡§µ‡§ø‡§∂‡•á‡§∑‡§ú‡•ç‡§û‡•ã‡§Ç ‡§∏‡•á ‡§∏‡§Æ‡§ù‡§ø‡§è ‡§ï‡§ø‡§∏‡§ï‡•ã ‡§ï‡•ç‡§Ø‡§æ ‡§Æ‡§ø‡§≤‡•á‡§ó‡§æ ‡§´‡§º‡§æ‡§Ø‡§¶‡§æ ? | Income Tax",https://www.youtube.com/watch?v=oxEWkpNy1qY,NEXT IAS,12:32,"65,763",405,76,30
227,Union Budget 2023: Tax Relief For Middle Class? Expert Tax Panel Share Their Expectations,https://www.youtube.com/watch?v=9CmIka3PQXA,News 24,1:51:19,"11,486",31,7,30
228,Budget 2023: Will Salaried People Get Tax Benefit?,https://www.youtube.com/watch?v=oIyrzEI1Ga4,Public TV,8:33,"9,794",42,8,30
229,Zee Biz LIVE Budget 2023 1st February | New Tax Regime | Nirmala Sitharaman| Investment Tips | Adani,https://www.youtube.com/watch?v=FPOVdf7g4z0,Mathrubhumi News,10:05,"738,564",6.2K,18,30
230,Direction For Union Budget 2023 | In Depth Analysis of Budget Numbers By Madhusudan Kela | ET Now,https://www.youtube.com/watch?v=wGebEGXeKYM,StudyIQ IAS,1:22:30,"10,381",47,10,31
231,Making India a Global Tourist Hub | Incredible India Budget in 2023? | NewsX,https://www.youtube.com/watch?v=-g7rBsJfBbA,India Today,1:07:12,"9,406",57,19,33
232,Budget 2023 ‡§Æ‡•á‡§Ç ‡§Ü‡§ñ‡§ø‡§∞ ‡§≠‡§æ‡§∞‡§§ Afganistan ‡§ï‡•ã ‡§ï‡•ç‡§Ø‡•ã‡§Ç ‡§¶‡•á‡§ó‡§æ 200 ‡§ï‡§∞‡•ã‡§°‡§º ‡§∞‡•Å‡§™‡§è? ‡§ú‡§æ‡§®‡§ø‡§è ‡§á‡§∏‡§ï‡•á ‡§™‡•Ä‡§õ‡•á ‡§ï‡•Ä ‡§µ‡§ú‡§π,https://www.youtube.com/watch?v=0CIxIQq71hY,Adda247 Tamil,5:26,"74,264",824,112,28
233,Pre Budget Analysis | Union Budget 2023 | 01st February 2-23,https://www.youtube.com/watch?v=mOn8B30X7R4,Zee Madhya Pradesh Chhattisgarh,2:13:50,"26,646",338,2,30
234,Budget 2023 LIVE: ‡§π‡§ø‡§Ç‡§¶‡•Ä ‡§Æ‡•á‡§Ç ‡§∏‡•Å‡§®‡§ø‡§è ‡§™‡•Ç‡§∞‡§æ ‡§≠‡§æ‡§∑‡§£ | Nirmala Sitharaman Full Speech In Hindi | Zee News,https://www.youtube.com/watch?v=nWGS9SO_Rr0,Jansatta,14:51,"59,551",504,9,30
235,Budget 2023-24 : Increase customs duty on silver to align with duty on gold and platinum - TV9,https://www.youtube.com/watch?v=xll_QuPgWAk,Oliveboard,21:00,"4,096",Like,1,30
236,Crypto News Today Hindi: Crypto Budget 2023 | Crypto Tax | Cryptocurrency Update| Nirmala Sitharaman,https://www.youtube.com/watch?v=i86HdOTYJU8,The Economic Times,1:22:14,"39,572",1.3K,174,30
237,Finance Expert Adarsh Explains The New Income Tax Slabs | Union Budget 2023 | Public TV,https://www.youtube.com/watch?v=SU3iFaPVkh4,CNBC Awaaz.,1:15:33,"260,955",1.2K,186,30
238,Countdown To Budget 2023 | Spotlight On Budget Expectations Of India Inc | CNBC-TV18,https://www.youtube.com/watch?v=jbk0f96M75Y,News18 India,24:11,"13,615",39,36,33
239,Indian Budget 2023 | ABCD of Budget | Part 4 | Complete Detailed Analysis | UPSC 2023 | Madhukar Sir,https://www.youtube.com/watch?v=ueGFbNuNnkc,"AgriBee - Agriculture Exams, Jobs in India",,"10,230",973,33,24
240,Budget 2023 | New Income Tax Slabs: How Much You Now Pay,https://www.youtube.com/watch?v=eT4c89FpQj8,Aaj Tak,18:53,"46,954",266,29,30
241,"Gold & Electronic Items Price Union Budget 2023-24 | Budget 2023 Cheaper, Costlier Items | @SakshiTV",https://www.youtube.com/watch?v=xxSO-rTL6ls,CNBC-TV18,6:45,"11,457",54,3,30
242,"Healthy India - Budget 2023: Ayush Ministry Allocation | 26 January, 2023",https://www.youtube.com/watch?v=EYlDez-LgHU,NDTV,39:30,"5,839",232,10,36
243,Union Budget 2023 ‡§™‡§∞ ‡§ï‡•ç‡§Ø‡§æ ‡§¨‡•ã‡§≤‡•á AAP MP Sanjay Singh? | Aam Aadmi Party,https://www.youtube.com/watch?v=9VAVJWIEtCI,Zee Business,2:51,"84,565",2.6K,183,30
244,"PM Modi Hails Budget, Calls It ‚ÄòFoundation For Building Developed India‚Äô",https://www.youtube.com/watch?v=nW9FcFQIrzQ,ET NOW,17:16,"5,278",34,2,30
245,Budget 2023: What's In It For Gen Z? Your 10-Point Guide,https://www.youtube.com/watch?v=oeQfx3OqWDQ,NewsX,18:26,670,10,0,30
246,Union Budget 2023-24 HIGHLIGHTS | Union Budget 2023 Current Affairs by Sahil Madaan Sir,https://www.youtube.com/watch?v=HfN1DeICDUw,News Nation,15:55,"8,932",412,7,30
247,Budget 2023 : ‡§∏‡§∞‡§ï‡§æ‡§∞‡•Ä ‡§ï‡§∞‡•ç‡§Æ‡§ö‡§æ‡§∞‡§ø‡§Ø‡•ã‡§Ç ‡§ï‡•ã ‡§≤‡•á‡§ï‡§∞ ‡§ï‡•á‡§Ç‡§¶‡•ç‡§∞ ‡§∏‡§∞‡§ï‡§æ‡§∞ ‡§ï‡§æ ‡§¨‡§π‡•Å‡§§ ‡§¨‡§°‡§º‡§æ ‡§ï‡§¶‡§Æ | Nirmala Sitharaman Speech,https://www.youtube.com/watch?v=mGcwzCXKlZA,Doordarshan National,8:01,"12,243",57,3,30
248,Live | FM Nirmala Sitharaman | Post-Budget Press Conference with Union Budget 2023 Team,https://www.youtube.com/watch?v=tTrkKGbaFtY,Zee News,1:15:33,"14,455",160,31,30
249,Union Budget 2023 - Full analysis of Union Budget 2023 Zee Business | Income Tax | GST | Section 80C,https://www.youtube.com/watch?v=6DmdrpQVPqE,TV9 Telugu Live,2:56,"229,688",1.9K,13,30
250,Union Budget 2023 : ‡§ó‡•ã‡§≤‡•ç‡§° ‡§ï‡•Ä ‡§ï‡•Ä‡§Æ‡§§ ‡§ö‡§¢‡§º‡•Ä... '‡§ó‡§π‡§®‡•á' ‡§ï‡•Ä ‡§ö‡§Æ‡§ï ‡§¨‡§¢‡§º‡•Ä ! | Gold Price Update,https://www.youtube.com/watch?v=q0twx69cgM4,Uncut,2:14,"28,776",176,10,29
251,Union Budget 2023-2024 Live #budget2023,https://www.youtube.com/watch?v=8NSKoAKroM0,Public TV,1:51:19,"31,677",670,31,30
252,Union Budget 2023 | Expectations from the automobile industry | The Hindu,https://www.youtube.com/watch?v=T92EVu5rx7c,CNBC-TV18,3:53,"7,056",186,5,31
253,India Budget 2023 Live Updates | Budget 2023 Details Live | Finance Minister Nirmala Sitharaman Live,https://www.youtube.com/watch?v=OL0wLWx3EUY,Exam ‡§∞‡§∏,4:00:43,"2,951",11,0,30
254,Budget 2023 Round Table | India Declared A Global Bright Spot Amid Fears Of Worldwide Recession,https://www.youtube.com/watch?v=NhHLQvuPgMA,NDTV,11:54:59,"4,260",23,0,31
255,DNA: ‡§á‡§∏ ‡§¨‡§æ‡§∞ ‡§ï‡•á ‡§¨‡§ú‡§ü ‡§∏‡•á ‡§ñ‡•Å‡§∂‡•Ä ‡§Æ‡§ø‡§≤‡•á‡§ó‡•Ä ‡§Ø‡§æ ‡§ó‡§Æ? | Budget 2023 Expectations | Nirmala Sitharaman,https://www.youtube.com/watch?v=UKqdPMha-80,Sakshi TV,21:11,"26,212",381,16,31
256,The unbudgeted moments from Budget Day,https://www.youtube.com/watch?v=AZ0S36Hlacc,Sansad TV,3:33,"194,914",2.8K,142,24
257,Budget Session Live: ‡§ú‡§æ‡§®‡§ø‡§è ‡§á‡§∏ ‡§¨‡§ú‡§ü ‡§ï‡•Ä ‡§ñ‡§æ‡§∏ ‡§¨‡§æ‡§§‡•á‡§Ç | Nirmala Sitharaman | Union Budget 2023 |Big Updates,https://www.youtube.com/watch?v=zCI8OCquSlA,Aam Aadmi Party,9:20:50,"76,203",366,9,30
258,Budget 2023 ‚Äî Dissecting the budget,https://www.youtube.com/watch?v=HInfDExZ4-A,Tv9 Kannada,12:12,531,12,0,30
259,Budget 2023: Pre-budget discussion with India's top economist and experts | Union Budget 2023,https://www.youtube.com/watch?v=kjWzr5zMVYA,NDTV,39:30,"1,494",6,4,31
260,üî¥ LIVE : Parliamentary Central Budget 2023... | Budget Session 2023 | Parliament Modi | PTS,https://www.youtube.com/watch?v=vuSLBMr9e3E,SSC Adda247,5:08:34,"130,700",396,4,30
261,BS Budget Show - Ep10 - Most important takeaways of Budget 2023 | Union Budget 2023 | Budget News |,https://www.youtube.com/watch?v=9PBSo3K3a40,ABP NEWS,20:54,"28,788",61,2,30
262,Union Budget 2023 Malayalam| Income Tax Highlights Malayalam| New Income Tax Slabs 2023-24,https://www.youtube.com/watch?v=lsH0uEBe_3E,moneycontrol,6:41,"12,530",429,82,30
263,"Budget 2023: Agriculture ‡§Æ‡•á‡§Ç Start-up ‡§ï‡•á ‡§≤‡§ø‡§è ‡§®‡§à ‡§Ø‡•ã‡§ú‡§®‡§æ, ‡§ï‡§ø‡§∏‡§æ‡§®‡•ã‡§Ç ‡§™‡§∞ ‡§î‡§∞ ‡§ï‡•ç‡§Ø‡§æ ‡§¨‡§°‡§º‡•Ä ‡§ò‡•ã‡§∑‡§£‡§æ‡§è‡§Ç ‡§π‡•Å‡§à‡§Ç?",https://www.youtube.com/watch?v=3DGP21Q5WDs,India.com,16:47,"17,767",517,47,30
264,Class 210:India Budget 2023 : ‡≤ï‡≥á‡≤Ç‡≤¶‡≥ç‡≤∞ ‡≤¨‡≤ú‡≥Ü‡≤ü‡≥ç -2023 | Amaresh Pothnal |Amar's Classes|Budget Key Points,https://www.youtube.com/watch?v=wgofxfRms54,Zee Business,38:51,"27,414",1.7K,85,30
265,"Budget 2023: ‡§∞‡•á‡§≤‡§µ‡•á ‡§ï‡•ã ‡§¨‡§°‡§º‡•Ä ‡§∏‡•å‡§ó‡§æ‡§§, 2.40 ‡§≤‡§æ‡§ñ ‡§ï‡§∞‡•ã‡§°‡§º ‡§¶‡§ø‡§è | Nirmala Sitharaman | Railway | ‡§µ‡§®‡§á‡§Ç‡§°‡§ø‡§Ø‡§æ ‡§π‡§ø‡§Ç‡§¶‡•Ä",https://www.youtube.com/watch?v=_gakEJ9b0nM,ABP NEWS,6:40,"17,054",207,19,30
266,Budget 2023 LIVE Updates | Nirmala Sitharaman Speech Union Budget | Income Tax | Budget 2023 LIVE,https://www.youtube.com/watch?v=r0DgiPy6vFc,MyGov India,2:31:19,"396,913",2K,12,30
267,New Roadmap For Capital Gains Tax In Budget 2023-24,https://www.youtube.com/watch?v=4ooevlk-dgI,The Hindu,25:35,"42,136",381,66,101
268,Union Budget 2023-24 Key Changes Expectations | Tax Slab and Capital Gain Changes in Budget 2023,https://www.youtube.com/watch?v=prrqjuo0TVc,News18 Rajasthan,29:43,"14,409",151,9,86
269,Watch Union Budget 2023 LIVE: Decoding The New Personal Income Tax And How It Impacts You,https://www.youtube.com/watch?v=7SP8fE384AM,CNN-News18,13:46,"12,610",77,55,30
270,"Budget 2023 Explained: Revised Income Tax, Startup, Digital India, Interest Free Loan, Adani",https://www.youtube.com/watch?v=Et-6nY1Wo4c,TIMES NOW,41:15,"34,532",1.9K,263,30
271,Budget 2023: What India Inc Wants From Union Budget 2023? | CNBC-TV18,https://www.youtube.com/watch?v=-hm03dUUaM0,Zee News,0:06,152,2,0,30
272,Budget 2023: What to expect from Modi Govt‚Äôs pre-election budget? I Round Table,https://www.youtube.com/watch?v=7zrP6F4qR9A,Brut India,54:51,"14,486",150,19,32
273,Crypto News Today: Crypto Budget 2023 | Crypto Tax | Cryptocurrency Latest Update|Nirmala Sitharaman,https://www.youtube.com/watch?v=vOw6bdEwBrk,IndiaTV,1:03:14,"17,941",581,296,30
274,üî¥LIVE: Budget 2023 ‡§ï‡•Ä ‡§∏‡§¨‡§∏‡•á ‡§¨‡§°‡§º‡•Ä ‡§¨‡§æ‡§§‡•á‡§Ç | Union Budget Updates | Nirmala Sitharaman | Aaj Tak LIVE,https://www.youtube.com/watch?v=-PhYLiPU_wE,Forbes India,2:30:36,"194,110",1K,11,29
275,"Budget 2023: 31 ‡§ú‡§®‡§µ‡§∞‡•Ä ‡§∏‡•á ‡§¨‡§ú‡§ü ‡§∏‡§§‡•ç‡§∞ ‡§∂‡•Å‡§∞‡•Ç, ‡§§‡•à‡§Ø‡§æ‡§∞‡§ø‡§Ø‡•ã‡§Ç ‡§ï‡•ã ‡§≤‡•á‡§ï‡§∞ ‡§ú‡§æ‡§®‡§ø‡§è 10 ‡§¨‡§°‡§º‡•á ‡§Ö‡§™‡§°‡•á‡§ü‡•ç‡§∏",https://www.youtube.com/watch?v=KpTKuc-KOwc,DNAIndiaNews,3:21,"12,813",176,3,58
276,Arnab's Debate : Budget 2023 Shuts Opposition- Is There Anything To Criticise?,https://www.youtube.com/watch?v=UwJmN-Mr-Jc,PuthiyathalaimuraiTV,51:50,"18,702",Like,31,30
277,Nirmala Sitharaman Speech LIVE: Union Budget 2023 Live Updates | PM Modi | Parliament Live,https://www.youtube.com/watch?v=GF05ItSv1Ys,Business Standard,8:07:50,"123,328",723,12,30
278,"Budget 2023: Budget ‡§Æ‡•á‡§Ç ‡§ï‡•ç‡§Ø‡§æ ‡§π‡•Å‡§Ü ‡§∏‡§∏‡•ç‡§§‡§æ, ‡§ï‡•ç‡§Ø‡§æ ‡§Æ‡§π‡§Ç‡§ó‡§æ?, ‡§Ø‡§π‡§æ‡§Ç ‡§ú‡§æ‡§®‡§ø‡§è ‡§∏‡§¨ | Sasta Mehnga | ‡§µ‡§®‡§á‡§Ç‡§°‡§ø‡§Ø‡§æ ‡§π‡§ø‡§Ç‡§¶‡•Ä",https://www.youtube.com/watch?v=M7MNCQwKEFs,My CA,2:25,"21,597",193,6,30
279,Budget 2023: FM Nirmala Sitharaman Addressing Press Conference Live | Union Budget 2023 Live,https://www.youtube.com/watch?v=RBDqX-RvddE,The Lallantop,,"13,129",77,0,30
280,Anand Srinivasan Speech About Budget 2023-2024 | 01.02.2023 | India | Budget | SunNews | *Pressmeet,https://www.youtube.com/watch?v=Sh0VnYVbSCQ,Amar's Classes,2:57,"109,357",1.7K,232,30
281,BIG PRICE CUT ON HYBRID CARS. BUDGET 2023 EXPECTATION,https://www.youtube.com/watch?v=Gz_sS_nCecI,Oneindia Hindi | ‡§µ‡§®‡§á‡§Ç‡§°‡§ø‡§Ø‡§æ ‡§π‡§ø‡§Ç‡§¶‡•Ä,1:22:10,"62,147",1.9K,193,32
282,Union Budget 2023: All Eyes on FM Nirmala Sitharaman's Fifth Budget Speech | India,https://www.youtube.com/watch?v=x7H1kACYI1g,CNN-News18,4:43,"2,365",71,2,31
283,Budget 2023: Modi Govt‚Äôs Last Full Budget Before Elections | Will India Spend More?,https://www.youtube.com/watch?v=r48ovVGFiDw,Business Today,49:07,"4,284",15,0,32
284,Budget ‡§ï‡•á ‡§¨‡§æ‡§¶ First India News ‡§ï‡§æ ‡§µ‡§ø‡§∂‡•ç‡§≤‡•á‡§∑‡§£ | Rajasthan Budget 2023,https://www.youtube.com/watch?v=UQtJ8xL1Dg4,MyOnlineCA,11:42,"34,036",581,40,21
285,Union Budget 2023-24: Nirmala Sitharaman Today Speech On Union Budget | English News | Budget 2023,https://www.youtube.com/watch?v=pLC5kxtSaeA,India Today,23:41,"6,493",87,2,30
286,Union Budget 2023: ‡§¨‡§ú‡§ü ‡§Æ‡•á‡§Ç ‡§ï‡•ç‡§Ø‡§æ- ‡§ï‡•ç‡§Ø‡§æ ‡§π‡•à ‡§¶‡•á‡§ñ‡§ø‡§è TV9 ‡§™‡§∞ ‡§π‡§∞ ‡§Ö‡§™‡§°‡•á‡§ü | PM Modi | Nirmala Sitaraman,https://www.youtube.com/watch?v=eP3kUDC1f-o,Lapaas Voice,14:49,"25,591",168,9,30
287,Budget 2023 Highlights | Nirmala Sitharaman | Union Budget 2023-24 | PM Modi - TV9,https://www.youtube.com/watch?v=d8FIkS9aQEQ,CNBC-TV18,59:26,"48,878",Like,2,30
288,Budget 2023 Live: ‡§¨‡§ú‡§ü ‡§Æ‡•á‡§Ç ‡§ï‡•Å‡§õ ‡§¨‡§°‡§º‡§æ ‡§π‡•ã‡§ó‡§æ? | Nirmala Sitharaman | Union Budget 2023 | CNBC Awaaz Live,https://www.youtube.com/watch?v=2F5oAjco3ec,Hindustan Times,1:06:31,"20,567",104,4,31
289,"India ‡§®‡•á ‡§Ö‡§™‡§®‡•á Budget ‡§Æ‡•á‡§Ç Afghanistan, Nepal, Maldives, Srilanka ‡§ï‡•ã ‡§ï‡§∞‡•ã‡§°‡§º‡•ã‡§Ç ‡§∞‡•Å‡§™‡§Ø ‡§¶‡•á‡§®‡•á ‡§ï‡§æ ‡§ï‡§ø‡§Ø‡§æ ‡§ê‡§≤‡§æ‡§®",https://www.youtube.com/watch?v=xF3C8L_m4Og,Uncut,9:46,"45,991",1.4K,124,28
290,What Union Budget 2023-24 delivered in Reality? Vs. Expectations | Post Budget Talks | UPSC Economy,https://www.youtube.com/watch?v=GAX-BfCmj34,Aaj Tak,24:18,"9,537",309,5,28
291,Personal Income Tax: Decoding The New Tax Regime | Budget 2023 | Business News | CNBC-TV18,https://www.youtube.com/watch?v=aE4KsccvGNU,Zee Business,55:29,"25,680",140,17,30
292,"Budget 2023: ‡§π‡§ø‡§Ç‡§¶‡•Å‡§∏‡•ç‡§§‡§æ‡§® ‡§ï‡•á ‡§¨‡§ú‡§ü ‡§Æ‡•á‡§Ç ‡§™‡§æ‡§ï‡§ø‡§∏‡•ç‡§§‡§æ‡§® ‡§ï‡•ã ‡§¨‡•á‡§π‡§¶ ‡§¶‡§ø‡§≤‡§ö‡§∏‡•ç‡§™‡•Ä, ‡§Ü‡§ñ‡§ø‡§∞ ‡§ê‡§∏‡§æ ‡§ï‡•ç‡§Ø‡•ã‡§Ç ?",https://www.youtube.com/watch?v=md376-YP_Cw,Republic World,27:51,"48,386",343,27,31
293,7 ‡§≤‡§æ‡§ñ ‡§ï‡§æ ‡§ó‡§£‡§ø‡§§ ‡§∏‡§Æ‡§ù‡§ï‡§∞ ‡§π‡•ã ‡§ú‡§æ‡§è‡§Ç‡§ó‡•á ‡§π‡•à‡§∞‡§æ‡§® LIVE : Union Budget 2023 | Taxpayers |Rebate|New Income Tax Slab,https://www.youtube.com/watch?v=oXnHd2ESlCs,IndiaTV,1:29:13,"266,783",1.5K,12,30
294,Budget2023| India Budget 2023| union budget 2023| Finance| Nirmala Sitharaman,https://www.youtube.com/watch?v=utIb2JkZe_c,Oneindia Hindi | ‡§µ‡§®‡§á‡§Ç‡§°‡§ø‡§Ø‡§æ ‡§π‡§ø‡§Ç‡§¶‡•Ä,1:41:04,"2,147",10,0,31
295,Union Budget 2023: ‡§ï‡•ç‡§Ø‡§æ ‡§á‡§∏ ‡§¨‡§ú‡§ü ‡§∏‡•á ‡§Ü‡§Æ ‡§ú‡§®‡§§‡§æ ‡§ï‡•ã Petrol-Diesel ‡§ï‡•á ‡§¨‡§¢‡§º‡§§‡•á ‡§¶‡§æ‡§Æ‡•ã‡§Ç ‡§∏‡•á ‡§Æ‡§ø‡§≤‡•á‡§ó‡•Ä ‡§∞‡§æ‡§π‡§§ ? | PM Modi,https://www.youtube.com/watch?v=BYLFFhLWb4c,The Indian Express,38:23,"16,674",203,8,30
296,Post Budget Analysis | Union Budget 2023 | 01st February 2023,https://www.youtube.com/watch?v=lWfnLBkxiJM,Sun News,46:47,"45,068",747,1,30
297,"Budget 2023: Gold ‡§î‡§∞ Platinum ‡§∏‡•á ‡§¨‡§®‡•á ‡§â‡§§‡•ç‡§™‡§æ‡§¶‡•ã‡§Ç ‡§™‡§∞ ‡§¨‡§¢‡§º‡§æ ‡§∂‡•Å‡§≤‡•ç‡§ï, ‡§ú‡§æ‡§®‡•á‡§Ç Nirmala Sitharaman ‡§®‡•á ‡§ï‡•ç‡§Ø‡§æ ‡§ï‡§π‡§æ",https://www.youtube.com/watch?v=eJ5eDcAbHFY,Mycarhelpline. com,14:51,"5,569",52,7,30
298,06 February | Daily Current Affairs (1076) | Union Budget 2023-24 | Gayatri Mantra| Kumar Gaurav Sir,https://www.youtube.com/watch?v=g3KbFohjyzQ,Firstpost,,"650,128",62K,576,25
299,Budget 2023: Special Analysis Of Nirmala Sitharaman's Budget,https://www.youtube.com/watch?v=3Wd41lCOU4w,moneycontrol,14:49,"18,866",79,3,30
300,Central Bank of India Scale III and IV 2023: Union Budget 2023 MCQs,https://www.youtube.com/watch?v=luOelbZJtgM,First India News,29:58,"6,149",147,9,27
301,Pakistani Reaction On India's Budget 2023 | Defence Budget | ISRO Budget | Income Tax Budget 2023,https://www.youtube.com/watch?v=VR32Zu7iMks,CNN-News18,35:40,"30,122",409,64,28
302,Union Budget 2023: Finance Minister Nirmala Sitharaman To Present Her 5th Budget Today,https://www.youtube.com/watch?v=7afYuySUnCc,TV9 Bharatvarsh,38:23,"18,932",94,2,30
303,Class 213 | India Budget 2023 - PART 2 | ‡≤ï‡≥á‡≤Ç‡≤¶‡≥ç‡≤∞ ‡≤¨‡≤ú‡≥Ü‡≤ü‡≥ç -2023 | Amaresh Pothnal | Amar's Classes |,https://www.youtube.com/watch?v=zkHLyDjSAX4,TV9 Telugu Live,38:05,"9,857",649,40,23
304,Finance Minister Announces Scheme To Promote Alternative Fertilisers,https://www.youtube.com/watch?v=7zKFTJozKpo,CNBC Awaaz.,6:32,"109,420",609,15,30
305,"Budget 2023: Focus On Middle Class, Big Tax Relief, Infra Push In Budget Before 2024",https://www.youtube.com/watch?v=fEoA-KC3UWo,Bharat Tak,1:15:33,"67,892",433,20,30
306,Budget 2023: ‡§Ø‡•á ‡§π‡•à‡§Ç Modi ‡§∏‡§∞‡§ï‡§æ‡§∞ ‡§ï‡•Ä 7 ‡§™‡•ç‡§∞‡§æ‡§•‡§Æ‡§ø‡§ï‡§§‡§æ‡§ì‡§Ç ‡§µ‡§æ‡§≤‡§æ Budget,https://www.youtube.com/watch?v=VBkpmisK8nY,StudyIQ IAS,2:30:36,"251,813",1.8K,8,30
307,"Budget 2023-24 expectations for Auto sector, what will get for auto sector?",https://www.youtube.com/watch?v=-Z1qkchDdK4,CNBC-TV18,30:03,"16,340",38,1,31
308,"Budget 2023: Kya Sasta Hua, Kya Mehanga List‡•§ Nirmala Sitharaman‡•§ Mobile‡•§ Gold Rates‡•§ Electric Cars",https://www.youtube.com/watch?v=2SEh2JGiw94,ABP NEWS,23:51,"77,975",599,52,30
309,Union Budget 2023-24 Telugu | Finance Minister Nirmala Sitharaman Speech | Parliamentary Budget,https://www.youtube.com/watch?v=2RjdWKKzSZk,Firstpost,1:41:04,"14,149",417,12,30
310,Union Budget 2023-24 | Budget 2023 Current Affairs | ‡§¨‡§ú‡§ü 2023 | Budget 2023 MCQ Questions | Economic,https://www.youtube.com/watch?v=yhBjLBChCAI,Zee News,16:08,"92,061",4.2K,131,28
311,President Droupadi Murmu LIVE Speech: Union Budget 2023-24 | President Addresses Budget Session,https://www.youtube.com/watch?v=1niib9n1y-E,CNBC Bajar,1:03:56,"7,132",58,0,31
312,INDIA'S FREE FOOD SCHEME IN BUDGET 2023-24 | FOOD CRISIS IN PAKISTAN | PAK REACTION ON INDIA | SANA,https://www.youtube.com/watch?v=cJ07CxCRSlw,IndiaTV,1:44:43,"136,670",3.5K,1125,26
313,Union Budget LIVE: ‡§π‡§ø‡§Ç‡§¶‡•Ä ‡§Æ‡•á‡§Ç ‡§∏‡§Æ‡§ù‡§ø‡§è ‡§¶‡•á‡§∂ ‡§ï‡§æ ‡§Ü‡§Æ ‡§¨‡§ú‡§ü | Budget 2023 | Budget News LIVE | ‡§Ü‡§Æ ‡§¨‡§ú‡§ü LIVE,https://www.youtube.com/watch?v=9WsjvaZ0ubU,Doordarshan National,14:13,"43,869",305,3,30
314,Budget 2023 LIVE: Income Tax ‡§Æ‡•á‡§Ç ‡§¨‡§°‡§º‡•Ä ‡§∞‡§æ‡§π‡§§ | Hindi News | New Income Tax Slab | Taxpayers | PM Modi,https://www.youtube.com/watch?v=aT-jjdfFQrw,Zee News,2:32:44,"15,369",69,9,30
315,Budget 2023-24 Updates LIVE - India Union Budget‡•§ Economic Survey | News24 | PM Modi,https://www.youtube.com/watch?v=vpjdCweaBJY,UTKARSH CLASSES JODHPUR,1:00:48,"9,335",56,4,30
316,Union Budget 2023: Will New Income Tax Slabs Bring Cheer For Salaried Class?,https://www.youtube.com/watch?v=0MgZbnR7wJA,NDTV,24:22,"21,596",58,10,30
317,Watch: Minister Ashwini Vaishnaw vs Congress' Shashi Tharoor On Budget 2023,https://www.youtube.com/watch?v=LORLpKdCoVQ,BankExamsToday,41:50,"20,273",209,97,29
318,UPSC | Polity | Budget decoding - Indian's Union budget 2023-2024 | Ms.Madhavi,https://www.youtube.com/watch?v=eLDCHhT_-Rg,Public Reaction Show,3:11:10,602,47,4,-1
319,Union Budget 2023: ‡§¨‡§ú‡§ü ‡§Æ‡•á‡§Ç ‡§¨‡§¢‡§º‡•á‡§ó‡•Ä ‡§™‡•Ä‡§è‡§Æ ‡§ï‡§ø‡§∏‡§æ‡§® ‡§∏‡§Æ‡•ç‡§Æ‡§æ‡§® ‡§®‡§ø‡§ß‡§ø ‡§ï‡•Ä ‡§∞‡§æ‡§∂‡§ø | Nirmala Sitaraman,https://www.youtube.com/watch?v=JZ2bEeO-lLQ,Public TV,6:36,-1,1.8K,99,30
320,Budget Speech LIVE: Defence Sector Gets A Boost | Budget 2023,https://www.youtube.com/watch?v=FllfYWqVRvM,Amar's Classes,28:54,"188,765",Like,2,30
321,Budget 2023 Live Updates: ‡§¶‡•á‡§∂ ‡§ï‡•á ‡§¨‡§ú‡§ü ‡§ï‡•Ä ‡§Æ‡§π‡§æ‡§ï‡§µ‡§∞‡•á‡§ú | Union Budget 2023 Live | CNBC Awaaz Live | News,https://www.youtube.com/watch?v=LJ8aNCF5wnc,NDTV,49:13,"16,847",236,2,30
322,Pakistani Reacts to INDIAN BUDGET EXPLAINED IN 10 MINUTES | Budget 2023 explained | Abhi and Niyu,https://www.youtube.com/watch?v=_r8VFno0y-Y,NDTV,18:58,"58,878",1.6K,180,29
323,"Union Budget 2023: What's Cheaper, What's Costlier? | Capital TV",https://www.youtube.com/watch?v=2M5SwcwHM70,NDTV India,55:01,"48,708",1.2K,46,30
324,ZEE Business Union Budget 2023 with Anil Singhvi LIVE: FM Nirmala Sitharaman Full Budget,https://www.youtube.com/watch?v=fsJ43uQEpNc,Zee Business,55:31,"50,338",2.3K,4,30
325,Budget Session | Rajasthan Assembly | Ashok Gehlot | First India Live,https://www.youtube.com/watch?v=hy8kGZnjZE8,Live Hindustan,1:41:04,"279,639",643,1,3
326,‡§ï‡•á‡§Ç‡§¶‡•ç‡§∞‡•Ä‡§Ø ‡§¨‡§ú‡§ü 2023-24 important Questions | Union Budget 2023-24 | Budget 2023 | Current affairs 2023,https://www.youtube.com/watch?v=vVLR07n9VBw,Adda247 Telugu,10:51,"56,385",2.8K,123,30
327,Modi ‡§∏‡§∞‡§ï‡§æ‡§∞ ‡§ï‡•á Budget ‡§Æ‡•á‡§Ç 200 ‡§ï‡§∞‡•ã‡§°‡§º ‡§Æ‡§ø‡§≤‡§§‡•á ‡§π‡•Ä ‚Äò‡§≠‡§æ‡§µ‡•Å‡§ï‚Äô ‡§π‡•Å‡§è Taliban ‡§®‡•á ‡§ï‡§π ‡§¶‡•Ä ‡§¨‡§°‡§º‡•Ä ‡§¨‡§æ‡§§,https://www.youtube.com/watch?v=dYPaoSmqaQE,IndoLogus,9:07,"63,954",24K,1230,-1
328,"Electric Vehicle, Mobile Phone ‡§∏‡§∏‡•ç‡§§‡•á ‡§π‡•ã‡§®‡•á ‡§ï‡•Ä ‡§¨‡§æ‡§§ Budget 2023 ‡§Æ‡•á‡§Ç ‡§π‡•Å‡§à, ‡§™‡§∞ ‡§Ö‡§Ç‡§¶‡§∞ ‡§ï‡§æ ‡§∏‡§ö ‡§ï‡•Å‡§õ ‡§î‡§∞ ‡§π‡•à!",https://www.youtube.com/watch?v=urNRCxukQxE,India Today,29:43,-1,1K,92,27
329,Budget 2023 | New Tax Regime For Salaried Person And Pensioners | No Tax Up To 3 Lacs Rs | ET Now,https://www.youtube.com/watch?v=A6i8qF9SfIM,Sana Amjad,25:44,"66,309",66,9,30
330,üî¥Black and White with Sudhir Chaudhary LIVE: Budget 2023 | Income Tax Slab | Nirmala Sitharaman,https://www.youtube.com/watch?v=eD441aT08gg,ABP NEWS,2:30:36,"12,029",4K,51,30
331,"Budget Income Tax : ‡§á‡§∏ ‡§¨‡§ú‡§ü ‡§Æ‡•á‡§Ç ‡§ï‡§∞‡§¶‡§æ‡§§‡§æ, ‡§Ü‡§Æ ‡§Ü‡§¶‡§Æ‡•Ä, ‡§Æ‡§ß‡•ç‡§Ø‡§Æ ‡§µ‡§∞‡•ç‡§ó ‡§ï‡•á ‡§≤‡§ø‡§è ‡§ï‡•ç‡§Ø‡§æ-‡§ï‡•ç‡§Ø‡§æ ‡§π‡•à? (BBC Hindi)",https://www.youtube.com/watch?v=jr1g8UfMI-g,News18 India,14:51,"316,003",Like,625,30
332,CNBC Awaaz | First Trade Live Updates | Business News Live | Budget 2023 Live | Stock Market Live,https://www.youtube.com/watch?v=PZqh68BxUg0,News 24,28:54,"390,623",1.3K,1,30
333,üî¥Budget 2023 LIVE: Nirmala Sitharaman Speech | PM Modi Govt | ‡§Ö‡§Æ‡•É‡§§‡§ï‡§æ‡§≤ ‡§ï‡§æ ‡§¨‡§ú‡§ü 2023 | Hindi News,https://www.youtube.com/watch?v=jiNia8s-utQ,StudyIQ IAS,20:19,"314,608",275,0,30
334,Budget 2023: ‡§¨‡§ú‡§ü ‡§Æ‡•á‡§Ç ‡§Æ‡§π‡§ø‡§≤‡§æ‡§ì‡§Ç ‡§ï‡•á ‡§≤‡§ø‡§è ‡§¨‡§ö‡§§ ‡§Ø‡•ã‡§ú‡§®‡§æ ‡§ï‡§æ ‡§ê‡§≤‡§æ‡§® | Nirmala Sitharaman,https://www.youtube.com/watch?v=zjZsTC5E5_g,India Today,52:48,"41,575",168,20,30
335,"‡§Ü‡§Ø‡§ï‡§∞ ‡§Æ‡•á‡§Ç ‡§¨‡§°‡§º‡•Ä ‡§õ‡•Ç‡§ü ‡§ï‡§æ ‡§ê‡§≤‡§æ‡§®, ‡§¨‡§ú‡§ü 2023 Live | Budget 2023 | Nirmala Sitharaman | Parliament | #TV9D",https://www.youtube.com/watch?v=qmF7TgczPSc,NDTV,14:47,"28,570",84,8,30
336,NEW Saving Scheme for Women | Budget 2023 For Salaried Employees | Senior Citizen Savings Scheme 23,https://www.youtube.com/watch?v=vgQ6Ekwv3e4,AICSCC TN,1:41:04,"15,554",448,43,30
337,Decoding Budget 2023 With Raghav Bahl | What It Means For India's Green Push?,https://www.youtube.com/watch?v=Xz0-_k3yhqk,TV9 Bharatvarsh,5:51,"17,369",24,1,26
338,Budget 2023: Market ‡§ï‡•ã ‡§¨‡§ú‡§ü ‡§∏‡•á ‡§ï‡•ç‡§Ø‡§æ ‡§®‡§π‡•Ä‡§Ç ‡§ö‡§æ‡§π‡§ø‡§è ? ‡§ú‡§æ‡§®‡•á‡§Ç ‡§á‡§∏ ‡§™‡§∞ Experts ‡§ï‡•Ä ‡§∞‡§æ‡§Ø | CNBC Awaaz | Top News,https://www.youtube.com/watch?v=_hTYtPEsGgE,Republic World,45:01,940,19,1,30
339,"Union Budget 2023: Post Budget Analysis with Shuchi Ray, partner, Deloitte India | DNA India",https://www.youtube.com/watch?v=C-U1VcBKFrI,CNBC Awaaz.,3:53,"3,162",57,2,30
340,Budget 2023 | 'India‚Äôs G20 Gives Unique Opportunity to Strengthen nation‚Äôs Role': Nirmala Sitharaman,https://www.youtube.com/watch?v=b2-NIITWYMs,Aaj Tak,23:44,"19,099",Like,1,30
341,‚ö°Good News Electric vechiles Price Less | Goverment New policy 2023 | Budget 2023 | Ride with mayur,https://www.youtube.com/watch?v=7qw0h4Src_k,"News,views, & updates.",1:20:40,288,290,49,28
342,Stocks to Buy After Budget 2023 | Best Stocks to Invest in 2023 | Best Stocks to Buy Now,https://www.youtube.com/watch?v=OZ7dZRFBxV8,Princy Parikh,,"12,198",5.7K,389,28
343,A Deep Dive Into Union Budget 2023: India Inc. Quizzes The Budget Architects | The Budget Verdict,https://www.youtube.com/watch?v=TdzVTtGPLcs,Groww plus,22:14,"118,236",1,1,27
344,Budget 2023: ‡§Ü‡§Æ ‡§¨‡§ú‡§ü ‡§™‡•á‡§∂ ‡§π‡•ã‡§®‡•á ‡§∏‡•á ‡§™‡§π‡§≤‡•á ‡§¶‡•á‡§ñ‡§ø‡§è ‡§ï‡•à‡§∏‡§æ ‡§π‡•à ‡§µ‡§ø‡§§‡•ç‡§§ ‡§Æ‡§Ç‡§§‡•ç‡§∞‡§æ‡§≤‡§Ø ‡§ï‡•á ‡§¨‡§æ‡§π‡§∞ ‡§ï‡§æ ‡§Æ‡§æ‡§π‡•å‡§≤ | Hindi News,https://www.youtube.com/watch?v=beARfNfte3o,CAPITAL TV,21:11,565,111,9,30
345,UNION BUDGET INDIA 2023-24 FOR JAMMU & KASHMIR | PAKISTANI REACTION ON INDIA REAL ENTERTAINMENT TV,https://www.youtube.com/watch?v=Av_h8XFtswY,Zee Business,26:39,"12,796",14K,7293,29
346,200 CRORE FOR AFGHANISTAN IN INDIA'S UNION BUDGET 2023-24 üòÆ | PAKISTANI REACTION ON INDIA REAL TV,https://www.youtube.com/watch?v=mDBGDIvekBY,First India News,26:39,"630,902",20K,3119,27
347,India's MEGA $550 Billion Budget 2023 | Defence Budget | ISRO Budget | Pakistani Blast Reactions,https://www.youtube.com/watch?v=twrJdzKMhqA,India Today,34:51,"811,167",777,888,29
348,‡∞¨‡∞°‡±ç‡∞ú‡±Ü‡∞ü‡±ç 2023 ‡∞∏‡∞Æ‡∞ó‡±ç‡∞∞ ‡∞µ‡∞ø‡∞∂‡±ç‡∞≤‡±á‡∞∑‡∞£!Budget 2023 analysis in Telugu by Santhosh Rao UPSC,https://www.youtube.com/watch?v=a66RzuhK7lM,Gk Track,19:42,"37,994",2.2K,154,30
349,Episode 4: Vantage with Palki Sharma | U.S vs China: Another war in the making? | India Budget 2023,https://www.youtube.com/watch?v=EnX9tYGRhQA,NMF News,21:59,"70,018",1.8K,273,31
350,Railway Budget 2023 : ‡§∞‡•á‡§≤‡§µ‡•á ‡§ï‡§æ ‡§π‡•ã‡§ó‡§æ ‡§ï‡§æ‡§Ø‡§æ‡§™‡§≤‡§ü | ‡§Ö‡§¨‡§§‡§ï ‡§ï‡•á ‡§∏‡§¨‡§∏‡•á ‡§¨‡§°‡§º‡•á ‡§¨‡§ú‡§ü ‡§ï‡§æ ‡§ê‡§≤‡§æ‡§® | ‡§ú‡§æ‡§®‡§ø‡§è ‡§ï‡•ç‡§Ø‡§æ ‡§π‡•à ‡§∏‡•å‡§ó‡§æ‡§§?,https://www.youtube.com/watch?v=8PUumZULakk,The Lallantop,12:32,"380,992",Like,2,30
351,Rajasthan Current Affairs 2023 (812) | Rajasthan Budget 2023 | For Rajasthan All Exam | Narendra Sir,https://www.youtube.com/watch?v=PCt9kkQDyN8,ET NOW,,"8,251",19K,529,21
352,"Before Budget 2023, Which Stocks To BUY In The Dip? Traders & Investors Must Watch | Anil Singhvi",https://www.youtube.com/watch?v=SVXO3g_tlNs,Aaj Tak,42:39,"324,397",268,3,59
353,Union Budget 2023-24 | EM | Indian Budget | ‡∞ï‡±á‡∞Ç‡∞¶‡±ç‡∞∞ ‡∞¨‡∞°‡±ç‡∞ú‡±Ü‡∞ü‡±ç | #shyaminstitute,https://www.youtube.com/watch?v=L1AaCndrCDU,Firstpost,1:22:48,"20,629",254,-1,28
354,Budget 2023 Expectations ~ India Budget | Government of India 2023-24 | Ace Group India,https://www.youtube.com/watch?v=rNksBw76HXQ,BBC News Hindi,4:49,"7,493",9,1,35
355,Budget 2023 ‡§∏‡•á ‡§¨‡§®‡•á‡§ó‡•Ä 2024 ‡§Æ‡•á‡§Ç ‡§¨‡§æ‡§§? ‡§∏‡§Æ‡§ù‡§ø‡§è ‡§¨‡§ú‡§ü ‡§ï‡§æ ‡§™‡•Ç‡§∞‡§æ ‡§ó‡•Å‡§£‡§æ-‡§ó‡§£‡§ø‡§§,https://www.youtube.com/watch?v=3ruLiC8RacA,CNBC Awaaz.,27:51,"45,987",6.1K,404,30
356,Budget 2023: Way forward for Indian Economy and Industry,https://www.youtube.com/watch?v=KKFXKjw_syQ,StudyIQ IAS,12:30,"482,492",8,0,27
357,Union Budget 2023 : ‡§ï‡•ç‡§Ø‡§æ ‡§π‡•à ‡§¨‡§ú‡§ü ‡§ï‡§æ ‡§∏‡§ö ? | Sitharaman | Adani | Modi,https://www.youtube.com/watch?v=sfhcad5b8Ik,News18 India,3:17:42,160,38K,2525,30
358,Post Budget Webinar - Unleashing the Potential ‚Äî Ease of Living using Technology,https://www.youtube.com/watch?v=p9_1wpqqKX4,TV9 Bharatvarsh,55:31,"966,062",686,15,3
359,Today Breaking News LIVE : ‡§Ü‡§ú 03 ‡§Æ‡§æ‡§∞‡•ç‡§ö 2023 ‡§ï‡•á ‡§Æ‡•Å‡§ñ‡•ç‡§Ø ‡§∏‡§Æ‡§æ‡§ö‡§æ‡§∞ | ‡§¨‡§°‡§º‡•Ä ‡§ñ‡§¨‡§∞‡•á‡§Ç | Top Hindi News | News 18,https://www.youtube.com/watch?v=AepJWh9JuU0,TV9 Marathi,2:30:36,"14,213",2.1K,0,-1
360,üî¥‡§π‡§Ç‡§ó‡§æ‡§Æ‡•á ‡§ï‡•Ä ‡§≠‡•á‡§Ç‡§ü ‡§ö‡§¢‡§º‡§æ CM ‡§ó‡§π‡§≤‡•ã‡§§ ‡§ï‡§æ ‡§¨‡§ú‡§ü ‡§≠‡§æ‡§∑‡§£ ‡•§ Rajasthan Budget 2023 ‡•§ Ashok Gehlot ‡•§ First India Live,https://www.youtube.com/watch?v=g3ZBQuM1xAM,TV9 Bharatvarsh,7:29,"364,494",332,5,21
361,INDIA BECOMES WORLD FASTEST GROWING ECONOMY | BUDGET 2023 | PAKISTANI REACTION ON INDIA | REAL TV,https://www.youtube.com/watch?v=2suhEXI0VIY,‡§ú‡•ã‡§∂ Money,9:11,-1,9.3K,3048,30
362,"UP Budget 2023-24 LIVE : ‡§Ø‡•Ç‡§™‡•Ä ‡§¨‡§ú‡§ü 2023, ‡§ú‡§æ‡§®‡§ø‡§è ‡§ï‡§ø‡§∏‡§ï‡•ã-‡§ï‡•ç‡§Ø‡§æ ‡§Æ‡§ø‡§≤‡§æ LIVE | UP Budget Session 2023",https://www.youtube.com/watch?v=qPNuMkMtdMY,The Quint,1:05:45,"32,431",103,6,9
363,Kashmiri's On 35581CR For Kashmir India Budget 2023-24: PAK PM Sensational FREEZE KASHMIR Plot Claim,https://www.youtube.com/watch?v=gYqSpM4LXSk,CNBC Awaaz.,41:49,"370,027",5.7K,4185,24
364,Top 15+ Best Upcoming Mobile Phone Launches‚ö°March 2023,https://www.youtube.com/watch?v=_kftb3baRi8,India Today,23:49,"9,092",42K,2129,6
365,Budget 2023: Know About the History and Interesting Facts of Indian Budget | Swatantra Khabar Ep 148,https://www.youtube.com/watch?v=RMIRFpoVl2M,DNAIndiaNews,14:51,"163,221",9,0,30
366,üî¥Rajasthan Budget 2023 Live: ‡§∞‡§æ‡§ú‡§∏‡•ç‡§•‡§æ‡§® ‡§¨‡§ú‡§ü 2023 ‡§∏‡•á ‡§ú‡•Å‡§°‡§º‡•Ä ‡§π‡§∞ ‡§Ö‡§™‡§°‡•á‡§ü | Ashok Gehlot Budget,https://www.youtube.com/watch?v=io4mtMGteRQ,Republic World,2:22:00,"658,599",624,8,21
367,CM ‡§ó‡§π‡§≤‡•ã‡§§ ‡§ï‡•á ‡§¨‡§ú‡§ü ‡§≠‡§æ‡§∑‡§£ ‡§ï‡•á ‡§¶‡•å‡§∞‡§æ‡§® ‡§π‡§Ç‡§ó‡§æ‡§Æ‡§æ ‡•§ Rajasthan Budget 2023‡•§ Ashok Gehlot ‡•§ First India Live,https://www.youtube.com/watch?v=wOokia5RuiU,News18 India,30:44,376,1K,29,21
368,Today Breaking News LIVE : ‡§Ü‡§ú 02 ‡§Æ‡§æ‡§∞‡•ç‡§ö 2023 ‡§ï‡•á ‡§Æ‡•Å‡§ñ‡•ç‡§Ø ‡§∏‡§Æ‡§æ‡§ö‡§æ‡§∞ | ‡§¨‡§°‡§º‡•Ä ‡§ñ‡§¨‡§∞‡•á‡§Ç | Top Hindi News | News 18,https://www.youtube.com/watch?v=zFkd6pNMJNE,Ride With Mayur,43:12,"46,953",491,3,2
369,Rajasthan Budget Session 2023 | Rajasthan Budget 2023 | Rajasthan Assembly | First India Live,https://www.youtube.com/watch?v=DdUTWAHmA7k,Neeraj joshi,52:56,"74,799",706,7,31
370,Union Budget 2023-24 MCQ || ‡§ï‡•á‡§Ç‡§¶‡•ç‡§∞‡•Ä‡§Ø ‡§¨‡§ú‡§ü 2023-24 ‡§Æ‡§π‡§§‡•ç‡§µ‡§™‡•Ç‡§∞‡•ç‡§£ ‡§è‡§Æ‡§∏‡•Ä‡§ï‡•ç‡§Ø‡•Ç || Indian Economy important mcq,https://www.youtube.com/watch?v=OeB_Tz7LAEQ,CNBC-TV18,1:02:34,"89,776",27,3,0
371,Best Car in 4 to 5 Lakh Budget in 2023 | Best car in 2023 | Car Within 5 Lakh Budget in India,https://www.youtube.com/watch?v=L_uiriUpJAc,News18 India,,"44,641",Like,13,59
